--liquibase formatted sql
--changeset ivantolkach:002-filling-test-questions-answeroptions-and-scalequestions
--comment Начальное заполнение тестов, описанных в техническом задании

INSERT INTO tests.test(id, name, methodology_id, is_active, created_by, created_at, updated_by, updated_at)
VALUES
    ('0435f8a9-4d5e-4e98-8052-ac09ca9a5670', 'Тест 1-2 курсы', 'c8efd2f4-3f75-4b01-af91-87d9f6ace6ca', false, 'e1cb5ed2-6850-4766-be54-75a8474cfb7c', '2026-03-03T14:08:09.1586071', 'e1cb5ed2-6850-4766-be54-75a8474cfb7c', '2026-03-03T14:08:09.1586071'),
    ('31d97957-1b91-444d-97b2-d9e735a856ce', 'Тест 3-5 курсы', 'a086fd91-77bb-42dd-a0d1-a100f58800e6', false, 'e1cb5ed2-6850-4766-be54-75a8474cfb7c', '2026-03-03T14:08:09.1586071', 'e1cb5ed2-6850-4766-be54-75a8474cfb7c', '2026-03-03T14:08:09.1586071'),
    ('f825d758-7f5a-4194-ac2b-7c2428cfbd94', 'Тест до 18 лет', 'db7d2d7c-2f74-4aed-b380-abdf27ccb6ee', false, 'e1cb5ed2-6850-4766-be54-75a8474cfb7c', '2026-03-03T14:08:09.1586071', 'e1cb5ed2-6850-4766-be54-75a8474cfb7c', '2026-03-03T14:08:09.1586071');


INSERT INTO tests.question(id, test_id, text, type, "position")
VALUES
    ('ea8b2e43-ab73-4933-89fc-4fc958f7226c', '0435f8a9-4d5e-4e98-8052-ac09ca9a5670', 'Я часто неуверен в своих силах.', 0, 1),
    ('559cf4ac-e794-4f6a-8ddc-9ffceebcecbf', '0435f8a9-4d5e-4e98-8052-ac09ca9a5670', 'Я часто краснею из-за пустяков.', 0, 2),
    ('81c7c389-3015-44f1-9a37-3583cf73097c', '0435f8a9-4d5e-4e98-8052-ac09ca9a5670', 'Я часто просыпаюсь ночью.', 0, 3),
    ('ee00a954-adbf-46b2-a9b9-6ab6400e2499', '0435f8a9-4d5e-4e98-8052-ac09ca9a5670', 'Я легко впадаю в отчаяние.', 0, 4),
    ('464f434f-ac51-43ec-b24d-e32ebad59690', '0435f8a9-4d5e-4e98-8052-ac09ca9a5670', 'Меня волнуют даже мнимые неприятности.', 0, 5),
    ('5eeb32e5-19b0-47a8-814e-14a8e56e977c', '0435f8a9-4d5e-4e98-8052-ac09ca9a5670', 'Меня пугают трудности, с которыми я буду встречаться в жизни.', 0, 6),
    ('03d38264-bb06-41f6-a804-d42fb94514ab', '0435f8a9-4d5e-4e98-8052-ac09ca9a5670', 'Я часто обращаю внимание на свои недостатки.', 0, 7),
    ('369004e1-74dc-4089-b8d0-cf0e7900a6cd', '0435f8a9-4d5e-4e98-8052-ac09ca9a5670', 'Меня легко убедить.', 0, 8),
    ('312f96b4-cba4-4fc2-8e42-fa3441e9ebbc', '0435f8a9-4d5e-4e98-8052-ac09ca9a5670', 'Меня волнует состояние моего здоровья.', 0, 9),
    ('24b9deef-d108-48f7-8b8e-dffb694e3b00', '0435f8a9-4d5e-4e98-8052-ac09ca9a5670', 'Я тяжело переношу время ожидания.', 0, 10),

    ('fb380181-edf4-4e45-b63a-1815771ea311', '0435f8a9-4d5e-4e98-8052-ac09ca9a5670', 'Нередко мне кажется безвыходным положение, из которого можно было бы найти выход.', 0, 11),
    ('8afc8b90-4a86-40b5-872f-c51be5a3370b', '0435f8a9-4d5e-4e98-8052-ac09ca9a5670', 'Неприятности меня часто огорчают, и я падаю духом.', 0, 12),
    ('99e5c341-966d-4710-9389-50633174dd8c', '0435f8a9-4d5e-4e98-8052-ac09ca9a5670', 'При больших неприятностях я беру вину на себя.', 0, 13),
    ('80f52397-8c36-4ce4-97df-2cf1ff47223f', '0435f8a9-4d5e-4e98-8052-ac09ca9a5670', 'Несчастья и неудачи ни чему меня не учат.', 0, 14),
    ('c1d71e2c-4423-430e-bf77-6f488a52c121', '0435f8a9-4d5e-4e98-8052-ac09ca9a5670', 'Я часто отказываюсь от борьбы потому, что считаю её напрасной.', 0, 15),
    ('ee57ec2d-ea22-4ba5-a620-726ace5649d8', '0435f8a9-4d5e-4e98-8052-ac09ca9a5670', 'Нередко я чувствую себя беззащитным.', 0, 16),
    ('885be2c2-7889-4cd1-99ab-51c4749a4f87', '0435f8a9-4d5e-4e98-8052-ac09ca9a5670', 'Иногда у меня бывает подавленное настроение.', 0, 17),
    ('8e77bd20-77db-43f0-a129-7ef901f13b98', '0435f8a9-4d5e-4e98-8052-ac09ca9a5670', 'Я чувствую растерянность, когда у меня возникают трудности.', 0, 18),
    ('d4090046-f923-4ba8-ad43-ef3d7b983a68', '0435f8a9-4d5e-4e98-8052-ac09ca9a5670', 'В тяжелую минуту я иногда веду себя как ребенок.', 0, 19),
    ('a66e467c-4bb9-46ee-aff7-8dd80bb1a5d7', '0435f8a9-4d5e-4e98-8052-ac09ca9a5670', 'Я думаю, что никогда не смогу исправить свои недостатки.', 0, 20),

    ('00fd33f4-f239-4199-ba74-0bc40388087f', '0435f8a9-4d5e-4e98-8052-ac09ca9a5670', 'Я часто оставляю за собой последнее слово.', 0, 21),
    ('1b596b6e-9296-433f-9f93-b6a08a5cb858', '0435f8a9-4d5e-4e98-8052-ac09ca9a5670', 'Нередко в разговоре я перебиваю собеседника.', 0, 22),
    ('5227e5d8-7587-4000-a1dd-98009ca0e1c9', '0435f8a9-4d5e-4e98-8052-ac09ca9a5670', 'Меня легко раздражить.', 0, 23),
    ('64a2c170-835c-43d2-8e0f-1a404e6f34cf', '0435f8a9-4d5e-4e98-8052-ac09ca9a5670', 'Мне приходится часто делать замечание другим.', 0, 24),
    ('b23336d1-3180-475b-8047-dda9cbda9b54', '0435f8a9-4d5e-4e98-8052-ac09ca9a5670', 'Я хочу быть авторитетом для окружения.', 0, 25),
    ('b8ec8923-bc09-42cf-9db6-1d4e36cd287e', '0435f8a9-4d5e-4e98-8052-ac09ca9a5670', 'В каком-нибудь деле я не удовлетворяюсь малым, а хочу достичь максимального успеха.', 0, 26),
    ('4419f1a2-2a75-4c6d-a8f4-e85528a1f8dc', '0435f8a9-4d5e-4e98-8052-ac09ca9a5670', 'Мне тяжело сдерживать себя, когда я сержусь.', 0, 27),
    ('aedd4634-cc1b-4ae7-a987-a70c4abd2859', '0435f8a9-4d5e-4e98-8052-ac09ca9a5670', 'Мне больше нравится руководить, а не подчиняться.', 0, 28),
    ('c5de023d-935a-4320-b00c-f540ace9c9b4', '0435f8a9-4d5e-4e98-8052-ac09ca9a5670', 'У меня резкая жестикуляция.', 0, 29),
    ('2c5793da-f235-460b-824e-666b40f1a12e', '0435f8a9-4d5e-4e98-8052-ac09ca9a5670', 'Я мстителен.', 0, 30),

    ('9e3be11b-d645-4ec6-8af8-5f9e4031158f', '0435f8a9-4d5e-4e98-8052-ac09ca9a5670', 'Мне тяжело изменять свои привычки.', 0, 31),
    ('d2e9c386-fc87-4425-9365-df0299b424c8', '0435f8a9-4d5e-4e98-8052-ac09ca9a5670', 'Мне тяжело переключиться с одного дела на другое.', 0, 32),
    ('bf62bcd2-4473-475c-a871-562bc67d782d', '0435f8a9-4d5e-4e98-8052-ac09ca9a5670', 'Я очень осторожный по отношению к изменениям в моей жизни.', 0, 33),
    ('554eb2c4-1044-46dc-94bf-023a41a78d46', '0435f8a9-4d5e-4e98-8052-ac09ca9a5670', 'В споре меня тяжело убедить.', 0, 34),
    ('5feb57a8-221c-4297-954d-5784321355ed', '0435f8a9-4d5e-4e98-8052-ac09ca9a5670', 'Нередко у меня не выходят из головы мысли, которых следовало бы избегать.', 0, 35),
    ('cba8b0d8-0110-42f1-b26f-7ae07fe64b7f', '0435f8a9-4d5e-4e98-8052-ac09ca9a5670', 'Я легко сближаюсь с людьми.', 0, 36),
    ('346de03d-1aa0-4eb9-ab81-4ff5629c27db', '0435f8a9-4d5e-4e98-8052-ac09ca9a5670', 'Я сильно волнуюсь, если в моей жизни неожиданно что-то изменяется.', 0, 37),
    ('d6e70ba4-57d0-4112-bc01-a2887243ff8d', '0435f8a9-4d5e-4e98-8052-ac09ca9a5670', 'Нередко я проявляю упрямство.', 0, 38),
    ('48516d74-6d73-424e-980d-07b62ea4a2ce', '0435f8a9-4d5e-4e98-8052-ac09ca9a5670', 'Я неохотно иду на риск.', 0, 39),
    ('69546623-5b08-46b3-b719-44733e8564f3', '0435f8a9-4d5e-4e98-8052-ac09ca9a5670', 'Меня огорчают даже незначительные нарушения моих планов.', 0, 40),


    ('abf619c5-7e91-4022-8477-89552bb86031', '31d97957-1b91-444d-97b2-d9e735a856ce', 'Я жду будущего с надеждой и энтузиазмом.', 0, 1),
    ('eddad197-bbbc-4d30-aa5d-ddf9f45fe194', '31d97957-1b91-444d-97b2-d9e735a856ce', 'Мне пора сдаться, т.к. я ничего не могу изменить к лучшему.', 0, 2),
    ('b69ffe98-c637-4dd3-b77f-64547ec0c0f0', '31d97957-1b91-444d-97b2-d9e735a856ce', 'Когда дела идут плохо, мне помогает мысль, что так не может продолжаться всегда.', 0, 3),
    ('3785f6a7-8a7f-41ec-aafa-d6375bcae21f', '31d97957-1b91-444d-97b2-d9e735a856ce', 'Я не могу представить, на что будет похожа моя жизнь через 10 лет.', 0, 4),
    ('edf13656-3eb5-496f-8063-12f6cbd1a9e9', '31d97957-1b91-444d-97b2-d9e735a856ce', 'У меня достаточно времени, чтобы завершить дела, которыми я больше всего хочу заниматься.', 0, 5),
    ('588f1e18-3585-4685-b521-ed0413cc7dab', '31d97957-1b91-444d-97b2-d9e735a856ce', 'В будущем, я надеюсь достичь успеха в том, что мне больше всего нравится.', 0, 6),
    ('67974e03-60db-451d-9393-716838ae7a10', '31d97957-1b91-444d-97b2-d9e735a856ce', 'Будущее представляется мне во тьме.', 0, 7),
    ('1ca72bdb-9b12-4167-9a04-6993eee77a97', '31d97957-1b91-444d-97b2-d9e735a856ce', 'Я надеюсь получить в жизни больше хорошего, чем средний человек.', 0, 8),
    ('729ed4bd-eef8-4171-a226-c48917b5931e', '31d97957-1b91-444d-97b2-d9e735a856ce', 'У меня нет никаких просветов и нет причин верить, что они появятся в будущем.', 0, 9),
    ('1fde8fde-4f72-4abb-bfcc-6a6f8efb633c', '31d97957-1b91-444d-97b2-d9e735a856ce', 'Мой прошлый опыт хорошо меня подготовил к будущему.', 0, 10),
    ('8367a7ec-8eea-4576-8b28-5d1c1845809e', '31d97957-1b91-444d-97b2-d9e735a856ce', 'Всё, что я вижу впереди - скорее, неприятности, чем радости.', 0, 11),
    ('31b77c61-0245-4081-abef-d969c848efba', '31d97957-1b91-444d-97b2-d9e735a856ce', 'Я не надеюсь достичь того, чего действительно хочу.', 0, 12),
    ('7457c266-6431-4c42-925f-6bb2112564db', '31d97957-1b91-444d-97b2-d9e735a856ce', 'Когда я заглядываю в будущее, я надеюсь быть счастливее, чем я есть сейчас.', 0, 13),
    ('a92fd763-4810-453e-bd21-174cf029878e', '31d97957-1b91-444d-97b2-d9e735a856ce', 'Дела идут не так, как мне хочется.', 0, 14),
    ('0175eb1c-ad6f-4f3b-9fc6-dc6c104f0c4a', '31d97957-1b91-444d-97b2-d9e735a856ce', 'Я сильно верю в своё будущее.', 0, 15),
    ('73943666-72a6-444b-90a3-1f4bed5cf97e', '31d97957-1b91-444d-97b2-d9e735a856ce', 'Я никогда не достигаю того, что хочу, поэтому глупо что-либо хотеть.', 0, 16),
    ('eaf02bb8-f2a9-4a54-9150-3a5a0676e696', '31d97957-1b91-444d-97b2-d9e735a856ce', 'Весьма маловероятно, что я получу реальное удовлетворение в будущем.', 0, 17),
    ('490171ee-7a95-41a1-8450-fd2f1cbc006f', '31d97957-1b91-444d-97b2-d9e735a856ce', 'Будущее представляется мне расплывчатым и неопределённым.', 0, 18),
    ('0199f934-e017-4cd3-8216-65c9e4ca78d2', '31d97957-1b91-444d-97b2-d9e735a856ce', 'В будущем меня ждёт больше хороших дней, чем плохих.', 0, 19),
    ('181cf0ac-aa4b-41e3-bd19-c81d6c72d1a7', '31d97957-1b91-444d-97b2-d9e735a856ce', 'Бесполезно пытаться получить то, что я хочу, потому, что, вероятно, я не добьюсь этого.', 0, 20),


    ('ab99b5c4-2ab5-42fb-931b-26e493f66ee7', 'f825d758-7f5a-4194-ac2b-7c2428cfbd94', 'Когда я делаю что-нибудь хорошее, мои родители замечают это и хвалят меня', 0, 1),
    ('0fd9ac3d-a856-4575-8a58-762a4894d903', 'f825d758-7f5a-4194-ac2b-7c2428cfbd94', 'Если у меня возникают личные проблемы, я обращаюсь за помощью к родителям', 0, 2),
    ('a6a87fe6-618b-4019-a2d9-793066831651', 'f825d758-7f5a-4194-ac2b-7c2428cfbd94', 'Члены моей семьи ругаются и кричат друг на друга', 0, 3),
    ('998d9f5c-6321-4b81-9acd-2e0440013a73', 'f825d758-7f5a-4194-ac2b-7c2428cfbd94', 'Мне кажется, что родители меня не любят', 0, 4),
    ('ac52fd5f-88c8-4e8b-8ec9-3d0e7b9315f8', 'f825d758-7f5a-4194-ac2b-7c2428cfbd94', 'Когда я нахожусь в кругу семьи, я чувствую себя в безопасности', 0, 5),
    ('159787b4-0b60-4754-8062-f34f3ad98d3a', 'f825d758-7f5a-4194-ac2b-7c2428cfbd94', 'Если я задерживаюсь, я звоню родителям', 0, 6),
    ('a28241ec-b078-444a-a454-22b33f4bc9f1', 'f825d758-7f5a-4194-ac2b-7c2428cfbd94', 'В моей семье существует запрет на употребление алкоголя', 0, 7),
    ('1cf21320-2af0-40d6-a196-606a19ed382c', 'f825d758-7f5a-4194-ac2b-7c2428cfbd94', 'В моей семье существует запрет на употребление наркотиков', 0, 8),
    ('e2e9661a-5722-43b3-840d-98f066d0edd6', 'f825d758-7f5a-4194-ac2b-7c2428cfbd94', 'Если я выпью пива, вина или другого спиртного, мои родители', 0, 9),
    ('6fb1df2b-ad5e-4b94-bff2-c52310470b41', 'f825d758-7f5a-4194-ac2b-7c2428cfbd94', 'В моей семье относятся к курению сигарет', 0, 10),
    ('c6f7d78a-4b5e-44d4-b73c-510ac05e3de6', 'f825d758-7f5a-4194-ac2b-7c2428cfbd94', 'В моей семье относятся к употреблению пива', 0, 11),
    ('687ea42d-4204-4a91-9132-b9cac7c9c1fe', 'f825d758-7f5a-4194-ac2b-7c2428cfbd94', 'В моей семье относятся к употреблению крепкого алкоголя', 0, 12),
    ('24c9ee9f-320b-4587-8e47-175ce7078596', 'f825d758-7f5a-4194-ac2b-7c2428cfbd94', 'В моей семье относятся к употреблению наркотиков, в том числе спайсов', 0, 13),
    ('d82d29c5-0b94-4a8e-a3ee-06fc5ee068e4', 'f825d758-7f5a-4194-ac2b-7c2428cfbd94', 'В моей семье курят', 0, 14),
    ('109df7b5-d0fb-4422-bec3-1fbc3477d251', 'f825d758-7f5a-4194-ac2b-7c2428cfbd94', 'В моей семье употребляют алкоголь', 0, 15),
    ('988dfaa8-f8a3-4321-8966-3d42619531ac', 'f825d758-7f5a-4194-ac2b-7c2428cfbd94', 'В моей семье употребляют наркотики', 0, 16),

    ('085176d9-b4f2-4655-afb3-e6a89dad5d6f', 'f825d758-7f5a-4194-ac2b-7c2428cfbd94', 'Мое отношение к курению сигарет', 0, 17),
    ('99160967-f694-440a-80b4-3c0328215618', 'f825d758-7f5a-4194-ac2b-7c2428cfbd94', 'Мое отношение к употреблению пива', 0, 18),
    ('b46f52f9-cd81-4f1c-8fa4-6bf70041a94b', 'f825d758-7f5a-4194-ac2b-7c2428cfbd94', 'Мое отношение к употреблению крепкого алкоголя', 0, 19),
    ('357c16b0-7c84-4d74-98fa-8a3f23889dc8', 'f825d758-7f5a-4194-ac2b-7c2428cfbd94', 'Мое отношение к употреблению наркотиков, спайсов', 0, 20),
    ('eca73c83-b96d-4e1f-8382-5f44199a9c25', 'f825d758-7f5a-4194-ac2b-7c2428cfbd94', 'Я считаю, что для организма курение сигарет', 0, 21),
    ('47b00421-a7b5-4341-a2cd-4fa83413bd51', 'f825d758-7f5a-4194-ac2b-7c2428cfbd94', 'Я считаю, что для организма употребление пива', 0, 22),
    ('a3cbdba3-900a-44a4-8c8e-8be06aca573c', 'f825d758-7f5a-4194-ac2b-7c2428cfbd94', 'Я считаю, что для организма употреблению крепкого алкоголя', 0, 23),
    ('76fa585f-53d3-4a65-ac74-1ecd0a944a2e', 'f825d758-7f5a-4194-ac2b-7c2428cfbd94', 'Я считаю, что для организма употребление наркотиков, спайсов', 0, 24),
    ('d64d6bfb-3e65-4d19-837f-510222876375', 'f825d758-7f5a-4194-ac2b-7c2428cfbd94', 'Я сам(-а) сигареты', 0, 25),
    ('e470772f-e6f6-4d2c-8716-307570486c39', 'f825d758-7f5a-4194-ac2b-7c2428cfbd94', 'Я сам(-а) пиво', 0, 26),
    ('913987b3-728b-486e-9699-bef3ada869be', 'f825d758-7f5a-4194-ac2b-7c2428cfbd94', 'Я сам(-а) крепкий алкоголь', 0, 27),
    ('c6266bd7-7c38-4094-ada9-8adba87fd3c0', 'f825d758-7f5a-4194-ac2b-7c2428cfbd94', 'Я сам(-а) наркотики, спайсы', 0, 28),
    ('a9ead8db-6b53-4da9-85bd-61341833e71c', 'f825d758-7f5a-4194-ac2b-7c2428cfbd94', 'Я чувствую себя одиноким', 0, 29),
    ('22faa139-b257-4f87-a4d1-386a1e09a0a7', 'f825d758-7f5a-4194-ac2b-7c2428cfbd94', 'Я злюсь на весь мир', 0, 30),

    ('08a608aa-d670-424d-a44c-74ea0726ec8b', 'f825d758-7f5a-4194-ac2b-7c2428cfbd94', 'В кругу своих друзей я чувствую себя в безопасности', 0, 31),
    ('9e7446a8-8623-41e5-b166-b75c01ad3390', 'f825d758-7f5a-4194-ac2b-7c2428cfbd94', 'Решая свои проблемы, я учитываю мнение друзей', 0, 32),
    ('a8e24cc7-26bb-4f4b-95e1-30889cd889c2', 'f825d758-7f5a-4194-ac2b-7c2428cfbd94', 'В моей группе курят', 0, 33),
    ('46c9405f-2542-4eba-94ac-8f0ae14ed0d4', 'f825d758-7f5a-4194-ac2b-7c2428cfbd94', 'В моей группе употребляют пиво', 0, 34),
    ('42c9d415-1867-43f8-8568-31a24165f629', 'f825d758-7f5a-4194-ac2b-7c2428cfbd94', 'В моей группе употребляют крепкий алкоголь', 0, 35),
    ('43ac66ee-733c-4d1c-8a37-8b64fe03225a', 'f825d758-7f5a-4194-ac2b-7c2428cfbd94', 'В моей группе употребляют наркотики, спайсы', 0, 36),
    ('08fae408-953d-4ad1-80e1-15bae991df5b', 'f825d758-7f5a-4194-ac2b-7c2428cfbd94', 'Среди моих друзей курят', 0, 37),
    ('d7d419d4-17c7-4d41-b7dc-c3c68247bf06', 'f825d758-7f5a-4194-ac2b-7c2428cfbd94', 'Среди моих друзей употребляют пиво', 0, 38),
    ('024e3d25-da68-4bc3-8329-c837a75aeddd', 'f825d758-7f5a-4194-ac2b-7c2428cfbd94', 'Среди моих друзей употребляют крепкий алкоголь', 0, 39),
    ('0bd0ee70-bcba-4563-9689-f2320eafc42c', 'f825d758-7f5a-4194-ac2b-7c2428cfbd94', 'Среди моих друзей употребляют наркотики, спайсы', 0, 40),
    ('f985cecf-f959-4ce0-8f1f-44b3c0c3bf6a', 'f825d758-7f5a-4194-ac2b-7c2428cfbd94', 'Если бы кто-то из моих друзей захотел приобрести сигареты, легко ли ем было бы это сделать?', 0, 41),
    ('b6f1027e-a558-43eb-8d52-86e00102c9e5', 'f825d758-7f5a-4194-ac2b-7c2428cfbd94', 'Если бы кто-то из моих друзей захотел приобрести пиво, легко ли ем было бы это сделать?', 0, 42),
    ('85c472db-f2f5-4d80-aa0d-cfd168d2ffe9', 'f825d758-7f5a-4194-ac2b-7c2428cfbd94', 'Если бы кто-то из моих друзей захотел приобрести крепкий алкоголь, легко ли ем было бы это сделать?', 0, 43),
    ('84ef5f01-6b07-4d2e-afd2-f98a2bc5c786', 'f825d758-7f5a-4194-ac2b-7c2428cfbd94', 'Если бы кто-то из моих друзей захотел приобрести спайсы, легко ли ем было бы это сделать?', 0, 4),
    ('b2294346-e5bb-46d2-8ca0-5da941683060', 'f825d758-7f5a-4194-ac2b-7c2428cfbd94', 'Если бы кто-то из моих друзей захотел приобрести наркотики, легко ли ем было бы это сделать?', 0, 45),
    ('4e633788-bef6-47ce-8db3-69e6ce87571b', 'f825d758-7f5a-4194-ac2b-7c2428cfbd94', 'Я знаю взрослых людей, которые употребляли (употребляют) наркотики', 0, 46),
    ('5b7aa019-f6d7-4a11-91b8-cb14227015a7', 'f825d758-7f5a-4194-ac2b-7c2428cfbd94', 'Я знаю взрослых людей, которые продавали (продают) наркотики', 0, 47),

    ('b0805a23-a9ae-44d4-878f-6183cd64e517', 'f825d758-7f5a-4194-ac2b-7c2428cfbd94', 'По сравнению с одногруппниками я учусь', 0, 48),
    ('2995981d-752d-4c03-833f-cf1ecb4d0a8e', 'f825d758-7f5a-4194-ac2b-7c2428cfbd94', 'Я пропускаю занятия без уважительной причины', 0, 49),
    ('51e6d2c6-022c-4888-859e-060bd02ff18f', 'f825d758-7f5a-4194-ac2b-7c2428cfbd94', 'Со своими проблемами я могу обратиться к педагогам, психологу', 0, 50),
    ('3f49ec86-0e8b-4aca-859d-83054849e346', 'f825d758-7f5a-4194-ac2b-7c2428cfbd94', 'Педагоги поощряют мои старания', 0, 51),
    ('e7a8f58f-de2d-4a02-beb8-b951818d0ac2', 'f825d758-7f5a-4194-ac2b-7c2428cfbd94', 'Педагоги информируют моих родителей о моих успехах или неудачах', 0, 52),
    ('57c6bcf8-251a-4d9a-9b4b-0e266c2e35c8', 'f825d758-7f5a-4194-ac2b-7c2428cfbd94', 'Я принимаю активное участие в спортивной, клубной и другой деятельности', 0, 53),
    ('81db19e2-771d-4c01-8854-a9e3ed6fd140', 'f825d758-7f5a-4194-ac2b-7c2428cfbd94', 'За свою жизнь мне приходилось менять учреждение образования', 0, 54),
    ('b2f87b24-dcb4-48c5-bedf-fd20735a8f59', 'f825d758-7f5a-4194-ac2b-7c2428cfbd94', 'В последнее время учебная деятельность для меня', 0, 55);


INSERT INTO tests.answeroption(id, question_id, text, score)
VALUES
    ('14a5e4ce-433a-4e13-95e0-ae87e68390e0', 'ea8b2e43-ab73-4933-89fc-4fc958f7226c', 'Подходит', 2),
    ('11215baf-848f-4f34-8a35-7234edf201e0', 'ea8b2e43-ab73-4933-89fc-4fc958f7226c', 'Не совсем подходит', 1),
    ('e6744ec7-6130-4c5a-9b66-5c55f55301b2', 'ea8b2e43-ab73-4933-89fc-4fc958f7226c', 'Не подходит', 0),

    ('040d6647-b710-49f9-8d87-62e388c67065', '559cf4ac-e794-4f6a-8ddc-9ffceebcecbf', 'Подходит', 2),
    ('667dbb15-2c9c-432e-872b-18b6296a911a', '559cf4ac-e794-4f6a-8ddc-9ffceebcecbf', 'Не совсем подходит', 1),
    ('6f0cb2a2-d4a0-4187-a881-e46c91edb06d', '559cf4ac-e794-4f6a-8ddc-9ffceebcecbf', 'Не подходит', 0),

    ('cbef61a9-1f25-410b-a5cc-a94c354895fb', '81c7c389-3015-44f1-9a37-3583cf73097c', 'Подходит', 2),
    ('c6dc32da-f653-49a6-9da4-cf3a9b636ee6', '81c7c389-3015-44f1-9a37-3583cf73097c', 'Не совсем подходит', 1),
    ('b19ecfbf-0a5e-4676-a561-7970f7558528', '81c7c389-3015-44f1-9a37-3583cf73097c', 'Не подходит', 0),

    ('6f4de968-d99e-45d9-ba61-fb291525b165', 'ee00a954-adbf-46b2-a9b9-6ab6400e2499', 'Подходит', 2),
    ('cc1f33e7-ab19-4634-9f26-944f7588a1ff', 'ee00a954-adbf-46b2-a9b9-6ab6400e2499', 'Не совсем подходит', 1),
    ('634b9405-1b91-43c0-a917-d2e890c6712f', 'ee00a954-adbf-46b2-a9b9-6ab6400e2499', 'Не подходит', 0),

    ('72055f83-b842-4369-99af-f8f9161caed2', '464f434f-ac51-43ec-b24d-e32ebad59690', 'Подходит', 2),
    ('11bf6b62-375b-4c97-9ee5-f647c7ff5750', '464f434f-ac51-43ec-b24d-e32ebad59690', 'Не совсем подходит', 1),
    ('3f5678ee-f011-4c9d-a7fc-0ad16ae02f9b', '464f434f-ac51-43ec-b24d-e32ebad59690', 'Не подходит', 0),

    ('86f7d52c-54e4-4b1a-8097-fb22c6f8ca34', '5eeb32e5-19b0-47a8-814e-14a8e56e977c', 'Подходит', 2),
    ('919f32cf-ba54-4a8f-a5bc-9b643ac0f558', '5eeb32e5-19b0-47a8-814e-14a8e56e977c', 'Не совсем подходит', 1),
    ('8fd3bbc0-2fbf-488a-87dd-8b9197d09b1a', '5eeb32e5-19b0-47a8-814e-14a8e56e977c', 'Не подходит', 0),

    ('25c87e9d-1ea7-438e-beae-0bbabcdf3665', '03d38264-bb06-41f6-a804-d42fb94514ab', 'Подходит', 2),
    ('91fe74dc-d43e-40bb-954c-5db4bd8374c7', '03d38264-bb06-41f6-a804-d42fb94514ab', 'Не совсем подходит', 1),
    ('e40f6f1a-0002-4260-9106-bfae37c9a450', '03d38264-bb06-41f6-a804-d42fb94514ab', 'Не подходит', 0),

    ('b82943c9-31c5-42e8-99f5-fcef506cccd8', '369004e1-74dc-4089-b8d0-cf0e7900a6cd', 'Подходит', 2),
    ('d2a527e9-25e5-46da-8be3-605249d9e802', '369004e1-74dc-4089-b8d0-cf0e7900a6cd', 'Не совсем подходит', 1),
    ('6ed9deb2-83ba-47f4-ace0-fdaf399570eb', '369004e1-74dc-4089-b8d0-cf0e7900a6cd', 'Не подходит', 0),

    ('54142248-95eb-4aa6-99e7-ab3bfbdc4461', '312f96b4-cba4-4fc2-8e42-fa3441e9ebbc', 'Подходит', 2),
    ('e1159266-d92d-4790-9eee-0e8e1a1993d5', '312f96b4-cba4-4fc2-8e42-fa3441e9ebbc', 'Не совсем подходит', 1),
    ('e86554f3-1572-48e2-afbb-fa81e2222dfc', '312f96b4-cba4-4fc2-8e42-fa3441e9ebbc', 'Не подходит', 0),

    ('cdc225e1-d537-459e-a1ab-266deaa490c9', '24b9deef-d108-48f7-8b8e-dffb694e3b00', 'Подходит', 2),
    ('48d17e81-ee71-4cbc-80e3-299e7ec603ca', '24b9deef-d108-48f7-8b8e-dffb694e3b00', 'Не совсем подходит', 1),
    ('959409da-3e72-48e9-9943-3675a2a20f3f', '24b9deef-d108-48f7-8b8e-dffb694e3b00', 'Не подходит', 0),

    ('0f30ad11-284d-4c99-b5bf-b3bff63d7849', 'fb380181-edf4-4e45-b63a-1815771ea311', 'Подходит', 2),
    ('2e08d60b-8fc9-461e-baee-2e272ecb3f8e', 'fb380181-edf4-4e45-b63a-1815771ea311', 'Не совсем подходит', 1),
    ('02d7b2fb-093d-4c45-8467-4e148f6ffbc6', 'fb380181-edf4-4e45-b63a-1815771ea311', 'Не подходит', 0),

    ('6b19b9e9-64d6-4b6e-ae53-4d177e608b6e', '8afc8b90-4a86-40b5-872f-c51be5a3370b', 'Подходит', 2),
    ('e85534e2-2ec7-4a59-9ebe-24b009b22a63', '8afc8b90-4a86-40b5-872f-c51be5a3370b', 'Не совсем подходит', 1),
    ('2bd785b1-8514-43c6-a00b-9b016ed04ec0', '8afc8b90-4a86-40b5-872f-c51be5a3370b', 'Не подходит', 0),

    ('3e42fcac-3cec-4a67-b450-fa9fba0c5595', '99e5c341-966d-4710-9389-50633174dd8c', 'Подходит', 2),
    ('31e61383-e6ca-41e9-9a3c-aff4c20e3356', '99e5c341-966d-4710-9389-50633174dd8c', 'Не совсем подходит', 1),
    ('caebfbd6-0472-4d8e-92bb-a04a8c1f39af', '99e5c341-966d-4710-9389-50633174dd8c', 'Не подходит', 0),

    ('72b1ca31-136b-4a0d-8a7d-e25aaa5042cf', '80f52397-8c36-4ce4-97df-2cf1ff47223f', 'Подходит', 2),
    ('4fd469a0-dacb-44cf-ae14-ea37331def71', '80f52397-8c36-4ce4-97df-2cf1ff47223f', 'Не совсем подходит', 1),
    ('8c076a16-2975-4f8f-8d0b-b8e7da31ffd8', '80f52397-8c36-4ce4-97df-2cf1ff47223f', 'Не подходит', 0),

    ('a3c1320e-99fe-4888-a5e3-e2ff15b166de', 'c1d71e2c-4423-430e-bf77-6f488a52c121', 'Подходит', 2),
    ('c6182af9-bf04-4dc3-ae30-20b7d22fc4ae', 'c1d71e2c-4423-430e-bf77-6f488a52c121', 'Не совсем подходит', 1),
    ('e5802dc9-1fd6-4e9f-9021-ade003156324', 'c1d71e2c-4423-430e-bf77-6f488a52c121', 'Не подходит', 0),

    ('e2b19f39-7bd3-480e-8f62-bac495949b99', 'ee57ec2d-ea22-4ba5-a620-726ace5649d8', 'Подходит', 2),
    ('d5538c35-e539-4857-aeba-0858c4d62ab7', 'ee57ec2d-ea22-4ba5-a620-726ace5649d8', 'Не совсем подходит', 1),
    ('0d95ae12-174c-43da-84b8-8ecc5ced6e6b', 'ee57ec2d-ea22-4ba5-a620-726ace5649d8', 'Не подходит', 0),

    ('2bacd270-f3c3-4f60-86ad-6fdb3bc0bf9a', '885be2c2-7889-4cd1-99ab-51c4749a4f87', 'Подходит', 2),
    ('c14ec8a5-2c8b-4b83-b617-0777ebc40863', '885be2c2-7889-4cd1-99ab-51c4749a4f87', 'Не совсем подходит', 1),
    ('d669f723-7e1e-4b19-823b-1eed1c4df355', '885be2c2-7889-4cd1-99ab-51c4749a4f87', 'Не подходит', 0),

    ('d3660ef1-e32a-43e7-9d7c-9584fbb90ad3', '8e77bd20-77db-43f0-a129-7ef901f13b98', 'Подходит', 2),
    ('2cbb73a7-5bcb-4add-8e68-d4e855db98d2', '8e77bd20-77db-43f0-a129-7ef901f13b98', 'Не совсем подходит', 1),
    ('d5ab1ca5-1b69-4008-a7df-cabae7ab2f30', '8e77bd20-77db-43f0-a129-7ef901f13b98', 'Не подходит', 0),

    ('a9d81c98-92a6-4005-a9e7-bcbbf0e96467', 'd4090046-f923-4ba8-ad43-ef3d7b983a68', 'Подходит', 2),
    ('f6c195cc-3974-4159-b6fb-f39cb810cea3', 'd4090046-f923-4ba8-ad43-ef3d7b983a68', 'Не совсем подходит', 1),
    ('8a045b24-b159-4f1d-829c-b9b6e97bd1f4', 'd4090046-f923-4ba8-ad43-ef3d7b983a68', 'Не подходит', 0),

    ('f95c7813-7c5c-4598-a556-5749a7c472d0', 'a66e467c-4bb9-46ee-aff7-8dd80bb1a5d7', 'Подходит', 2),
    ('c9fe8313-872d-45df-bdb5-0d8240538314', 'a66e467c-4bb9-46ee-aff7-8dd80bb1a5d7', 'Не совсем подходит', 1),
    ('8074f5f2-a53f-40b5-aa73-f70f324801c5', 'a66e467c-4bb9-46ee-aff7-8dd80bb1a5d7', 'Не подходит', 0),

    ('728f09f9-673c-4f96-874c-717331083d49', '00fd33f4-f239-4199-ba74-0bc40388087f', 'Подходит', 2),
    ('c6263380-a44d-4a85-b424-b7beb76773dc', '00fd33f4-f239-4199-ba74-0bc40388087f', 'Не совсем подходит', 1),
    ('413da807-6593-42a0-9374-3741b1f12691', '00fd33f4-f239-4199-ba74-0bc40388087f', 'Не подходит', 0),

    ('e89f2e59-1d73-435c-9798-e5ce7b873e60', '1b596b6e-9296-433f-9f93-b6a08a5cb858', 'Подходит', 2),
    ('f5dc8046-c4dc-43ab-9494-223c3ac29117', '1b596b6e-9296-433f-9f93-b6a08a5cb858', 'Не совсем подходит', 1),
    ('1843f148-63ba-493c-9406-2ffbf687d434', '1b596b6e-9296-433f-9f93-b6a08a5cb858', 'Не подходит', 0),

    ('a5baa86f-bf00-401f-862a-938f3de06b82', '5227e5d8-7587-4000-a1dd-98009ca0e1c9', 'Подходит', 2),
    ('581cbded-7ebc-4160-9bc4-62cf1fdd0e6b', '5227e5d8-7587-4000-a1dd-98009ca0e1c9', 'Не совсем подходит', 1),
    ('b090bb2e-6cc7-416c-9521-eb58924e2958', '5227e5d8-7587-4000-a1dd-98009ca0e1c9', 'Не подходит', 0),

    ('973e2bac-5cf3-4f20-ac1a-5e32130a5ce7', '64a2c170-835c-43d2-8e0f-1a404e6f34cf', 'Подходит', 2),
    ('d3582fd8-97b0-40ea-958d-469f4f3f85f7', '64a2c170-835c-43d2-8e0f-1a404e6f34cf', 'Не совсем подходит', 1),
    ('ef844eff-d545-4df6-8d9d-49104c052760', '64a2c170-835c-43d2-8e0f-1a404e6f34cf', 'Не подходит', 0),

    ('159aede1-c647-4311-b5d8-e7d5a9b136af', 'b23336d1-3180-475b-8047-dda9cbda9b54', 'Подходит', 2),
    ('96601e5c-9a80-42de-ad0d-6105f4d89bcf', 'b23336d1-3180-475b-8047-dda9cbda9b54', 'Не совсем подходит', 1),
    ('e567dd6b-d431-4bb1-b911-bbc9ccef0b3d', 'b23336d1-3180-475b-8047-dda9cbda9b54', 'Не подходит', 0),

    ('7607baf4-d63c-4c98-be5e-7b4c3c33c1d4', 'b8ec8923-bc09-42cf-9db6-1d4e36cd287e', 'Подходит', 2),
    ('5957f176-f0be-420d-8d99-9ef255cae8db', 'b8ec8923-bc09-42cf-9db6-1d4e36cd287e', 'Не совсем подходит', 1),
    ('3000bf97-d3ed-4179-b3db-e40c1e8c8549', 'b8ec8923-bc09-42cf-9db6-1d4e36cd287e', 'Не подходит', 0),

    ('2381a799-83f8-4b68-9c01-de818e201d44', '4419f1a2-2a75-4c6d-a8f4-e85528a1f8dc', 'Подходит', 2),
    ('450e5253-b305-4758-a62b-4758aa11fab8', '4419f1a2-2a75-4c6d-a8f4-e85528a1f8dc', 'Не совсем подходит', 1),
    ('265c2313-2aae-4873-89f1-98f0b38dbb7b', '4419f1a2-2a75-4c6d-a8f4-e85528a1f8dc', 'Не подходит', 0),

    ('d1043b80-0bd0-4a47-9897-2e0f3a15c765', 'aedd4634-cc1b-4ae7-a987-a70c4abd2859', 'Подходит', 2),
    ('a7f27e8f-04b6-4c9d-80ce-d8425aab62c2', 'aedd4634-cc1b-4ae7-a987-a70c4abd2859', 'Не совсем подходит', 1),
    ('c90b9831-7ce8-4f08-88c8-3b4b95a4d8f1', 'aedd4634-cc1b-4ae7-a987-a70c4abd2859', 'Не подходит', 0),

    ('8cd63ee5-131f-4cf6-8b34-b7419c6b28bb', 'c5de023d-935a-4320-b00c-f540ace9c9b4', 'Подходит', 2),
    ('23a266a2-bc19-4e83-a892-6bc6ab1c2c99', 'c5de023d-935a-4320-b00c-f540ace9c9b4', 'Не совсем подходит', 1),
    ('df89c559-ab43-4712-869b-81a6591381d5', 'c5de023d-935a-4320-b00c-f540ace9c9b4', 'Не подходит', 0),

    ('9a6404cc-c195-4c70-95ae-354655b0dc43', '2c5793da-f235-460b-824e-666b40f1a12e', 'Подходит', 2),
    ('efdf4e2f-9273-4e18-a886-00e5ec5773d0', '2c5793da-f235-460b-824e-666b40f1a12e', 'Не совсем подходит', 1),
    ('5bbffe24-6b70-44ca-84a2-2f480c09688f', '2c5793da-f235-460b-824e-666b40f1a12e', 'Не подходит', 0),

    ('2f0d339f-37dc-49db-9324-b336a088cffb', '9e3be11b-d645-4ec6-8af8-5f9e4031158f', 'Подходит', 2),
    ('58644fd5-7d91-400f-be34-1542c57ff43f', '9e3be11b-d645-4ec6-8af8-5f9e4031158f', 'Не совсем подходит', 1),
    ('23b8c979-c0e3-4598-9556-cc1b878a20a9', '9e3be11b-d645-4ec6-8af8-5f9e4031158f', 'Не подходит', 0),

    ('0abe3e70-3759-4b68-97b3-6bde5b36e703', 'd2e9c386-fc87-4425-9365-df0299b424c8', 'Подходит', 2),
    ('fe80bb3d-977a-4304-a3fc-8bb99ce92837', 'd2e9c386-fc87-4425-9365-df0299b424c8', 'Не совсем подходит', 1),
    ('008d5863-ed76-4767-b36c-b3fc95f088f2', 'd2e9c386-fc87-4425-9365-df0299b424c8', 'Не подходит', 0),

    ('c04c4146-0832-4a50-8523-95f27fd422a5', 'bf62bcd2-4473-475c-a871-562bc67d782d', 'Подходит', 2),
    ('0b2b0012-9329-4401-ba2f-9b2b758db735', 'bf62bcd2-4473-475c-a871-562bc67d782d', 'Не совсем подходит', 1),
    ('f5dc0fe2-8f76-4c70-aa9e-8869b3ab3c77', 'bf62bcd2-4473-475c-a871-562bc67d782d', 'Не подходит', 0),

    ('6133f140-f7cc-4263-8296-32aa08a77546', '554eb2c4-1044-46dc-94bf-023a41a78d46', 'Подходит', 2),
    ('6bd7fe74-5f69-403e-a1b5-0bc741dc6bee', '554eb2c4-1044-46dc-94bf-023a41a78d46', 'Не совсем подходит', 1),
    ('cbaafbe7-03e0-4cc6-82ac-be66561067e5', '554eb2c4-1044-46dc-94bf-023a41a78d46', 'Не подходит', 0),

    ('8cde8880-228d-4c73-8382-a23f2ff29828', '5feb57a8-221c-4297-954d-5784321355ed', 'Подходит', 2),
    ('d7c8571c-8ad4-4c3c-9f2e-d9e253b4596e', '5feb57a8-221c-4297-954d-5784321355ed', 'Не совсем подходит', 1),
    ('d8d5efe8-29ec-4414-b1ac-64d9eaa5386c', '5feb57a8-221c-4297-954d-5784321355ed', 'Не подходит', 0),

    ('9ddab39b-2f34-4f34-b1a2-2b49441bf2d5', 'cba8b0d8-0110-42f1-b26f-7ae07fe64b7f', 'Подходит', 2),
    ('ac1dfded-56e5-4860-9000-76f4e67a4ffa', 'cba8b0d8-0110-42f1-b26f-7ae07fe64b7f', 'Не совсем подходит', 1),
    ('c6503fa4-820c-462b-bcac-ee40f14441a1', 'cba8b0d8-0110-42f1-b26f-7ae07fe64b7f', 'Не подходит', 0),

    ('04f6ff86-e444-4282-a978-d8a6c52ab343', '346de03d-1aa0-4eb9-ab81-4ff5629c27db', 'Подходит', 2),
    ('d9c09e15-ecfb-47d1-a5b1-6033fd595e5a', '346de03d-1aa0-4eb9-ab81-4ff5629c27db', 'Не совсем подходит', 1),
    ('bb754e51-1115-4e1a-b2ff-5ac83bdc0973', '346de03d-1aa0-4eb9-ab81-4ff5629c27db', 'Не подходит', 0),

    ('aec5d5a8-f563-4a88-a0ff-c56fca61eb8a', 'd6e70ba4-57d0-4112-bc01-a2887243ff8d', 'Подходит', 2),
    ('e9592d66-86b8-419d-9a94-ef4b44bbd1bc', 'd6e70ba4-57d0-4112-bc01-a2887243ff8d', 'Не совсем подходит', 1),
    ('d94be4b1-f0a1-48b9-a0bf-3369245373c3', 'd6e70ba4-57d0-4112-bc01-a2887243ff8d', 'Не подходит', 0),

    ('24eadbf9-7337-4cee-b880-ac656371c1d3', '48516d74-6d73-424e-980d-07b62ea4a2ce', 'Подходит', 2),
    ('93c03bb4-22db-4f47-a131-6b3f9dc9c386', '48516d74-6d73-424e-980d-07b62ea4a2ce', 'Не совсем подходит', 1),
    ('0191e866-9585-4b5c-a09c-6c2c3ee58cee', '48516d74-6d73-424e-980d-07b62ea4a2ce', 'Не подходит', 0),

    ('122516f2-d293-425e-843c-c60646807bff', '69546623-5b08-46b3-b719-44733e8564f3', 'Подходит', 2),
    ('dd2915d0-426e-4f6e-8671-92e5b80f31e3', '69546623-5b08-46b3-b719-44733e8564f3', 'Не совсем подходит', 1),
    ('9e6e98aa-61c4-40fc-8664-006391bb9408', '69546623-5b08-46b3-b719-44733e8564f3', 'Не подходит', 0),


    ('88783a4c-ce4d-4fb6-aadc-fab41db2715a', 'abf619c5-7e91-4022-8477-89552bb86031', 'Верно', 0),
    ('3b7a378a-74d9-4155-a38e-ce1c559ff38d', 'abf619c5-7e91-4022-8477-89552bb86031', 'Неверно', 1),

    ('1da27f7e-a694-46ab-a727-ef257b605369', 'eddad197-bbbc-4d30-aa5d-ddf9f45fe194', 'Верно', 1),
    ('82cc136a-5b19-4aa8-bde5-2c2886cf240d', 'eddad197-bbbc-4d30-aa5d-ddf9f45fe194', 'Неверно', 0),

    ('1bbfca5e-65f7-4dc7-bbaf-f7b293ef8ddf', 'b69ffe98-c637-4dd3-b77f-64547ec0c0f0', 'Верно', 0),
    ('95060c8b-8400-4900-a700-4cb53b48b2d3', 'b69ffe98-c637-4dd3-b77f-64547ec0c0f0', 'Неверно', 1),

    ('db26bbe5-bdc2-4b81-90c8-74a9f17dc950', '3785f6a7-8a7f-41ec-aafa-d6375bcae21f', 'Верно', 1),
    ('27a4c886-91ef-4db4-8fd8-d5b3bb37c69f', '3785f6a7-8a7f-41ec-aafa-d6375bcae21f', 'Неверно', 0),

    ('2f6b6849-15bd-4dbd-b147-9c1d58673087', 'edf13656-3eb5-496f-8063-12f6cbd1a9e9', 'Верно', 0),
    ('4dfbf89e-9677-4144-b7bf-256812272fa0', 'edf13656-3eb5-496f-8063-12f6cbd1a9e9', 'Неверно', 1),

    ('4a035463-76ca-44a5-b7a3-08ebef81cea6', '588f1e18-3585-4685-b521-ed0413cc7dab', 'Верно', 0),
    ('fefccf47-0ab4-4135-9956-e6b948617e4d', '588f1e18-3585-4685-b521-ed0413cc7dab', 'Неверно', 1),

    ('1c7233e0-8415-44dd-9f44-67969693b3df', '67974e03-60db-451d-9393-716838ae7a10', 'Верно', 1),
    ('eb39eefc-7cca-4ed5-a1c2-234a48d4b748', '67974e03-60db-451d-9393-716838ae7a10', 'Неверно', 0),

    ('35b3d9e9-c757-4960-8bc4-9241811ec40f', '1ca72bdb-9b12-4167-9a04-6993eee77a97', 'Верно', 0),
    ('a6a01452-ccb3-4755-b32c-ef12c05691cd', '1ca72bdb-9b12-4167-9a04-6993eee77a97', 'Неверно', 1),

    ('c0e5d8fa-ce81-41c6-8998-809a7fddfc26', '729ed4bd-eef8-4171-a226-c48917b5931e', 'Верно', 1),
    ('e6f13f6b-b314-4268-b32f-79626fe1ae51', '729ed4bd-eef8-4171-a226-c48917b5931e', 'Неверно', 0),

    ('5267ca76-0f6d-43de-aca0-1b2d69cad84a', '1fde8fde-4f72-4abb-bfcc-6a6f8efb633c', 'Верно', 0),
    ('1da1b1af-7f0a-4fb2-9d02-c4342384eaf8', '1fde8fde-4f72-4abb-bfcc-6a6f8efb633c', 'Неверно', 1),

    ('036944f4-74d9-4e74-8822-7100eef7a67c', '8367a7ec-8eea-4576-8b28-5d1c1845809e', 'Верно', 1),
    ('52466645-a322-47fa-90c2-b61f5ca15d83', '8367a7ec-8eea-4576-8b28-5d1c1845809e', 'Неверно', 0),

    ('fd8d40cd-b823-4f5f-8a01-4abc0452f4d2', '31b77c61-0245-4081-abef-d969c848efba', 'Верно', 1),
    ('88f6db25-837d-40b3-845b-788ea111a073', '31b77c61-0245-4081-abef-d969c848efba', 'Неверно', 0),

    ('c008ae77-3ce2-4c23-b489-d33cc3d3c7a4', '7457c266-6431-4c42-925f-6bb2112564db', 'Верно', 0),
    ('c8ef8e69-164d-4632-9701-45c7b001a4b4', '7457c266-6431-4c42-925f-6bb2112564db', 'Неверно', 1),

    ('b75a0c4e-a5e9-4940-bc3f-e36fe3168d64', 'a92fd763-4810-453e-bd21-174cf029878e', 'Верно', 1),
    ('2a8954c9-eae4-4d6a-b154-1f8f201c7833', 'a92fd763-4810-453e-bd21-174cf029878e', 'Неверно', 0),

    ('afc252f8-78ee-436c-aa52-96f1611b6cff', '0175eb1c-ad6f-4f3b-9fc6-dc6c104f0c4a', 'Верно', 0),
    ('d2071caa-870d-4829-a61a-55939971ecc9', '0175eb1c-ad6f-4f3b-9fc6-dc6c104f0c4a', 'Неверно', 1),

    ('58ec53bc-191e-46bf-b616-3335aeb5b855', '73943666-72a6-444b-90a3-1f4bed5cf97e', 'Верно', 1),
    ('1d7f2bfb-364f-42cf-9621-f50b1ccb1933', '73943666-72a6-444b-90a3-1f4bed5cf97e', 'Неверно', 0),

    ('d4cb5d83-c03d-4468-a178-431bdaf4b98b', 'eaf02bb8-f2a9-4a54-9150-3a5a0676e696', 'Верно', 1),
    ('18520e2b-98ad-4102-a961-0056b3bc99f6', 'eaf02bb8-f2a9-4a54-9150-3a5a0676e696', 'Неверно', 0),

    ('ccc4917e-5b4f-465b-aabb-3b1f680f2eeb', '490171ee-7a95-41a1-8450-fd2f1cbc006f', 'Верно', 1),
    ('b992e318-93ee-4f22-a392-aaf1e7bee15b', '490171ee-7a95-41a1-8450-fd2f1cbc006f', 'Неверно', 0),

    ('a33a5f4e-c2bb-4a41-beb8-17a69a924e38', '0199f934-e017-4cd3-8216-65c9e4ca78d2', 'Верно', 0),
    ('5a9bbe1a-ee2c-4ec2-aa80-9e1e1d0dd5c9', '0199f934-e017-4cd3-8216-65c9e4ca78d2', 'Неверно', 1),

    ('d755f92b-75dc-416e-a04c-6dfc4b980078', '181cf0ac-aa4b-41e3-bd19-c81d6c72d1a7', 'Верно', 1),
    ('ae9b6eb5-0443-4e12-8fa4-12ff7d556df9', '181cf0ac-aa4b-41e3-bd19-c81d6c72d1a7', 'Неверно', 0),


    ('09c6462d-b0b4-415d-a009-9bec12005218', 'ab99b5c4-2ab5-42fb-931b-26e493f66ee7', 'Всегда', 0),
    ('7bf7043d-839f-4bf9-9a6f-847b8e1047ca', 'ab99b5c4-2ab5-42fb-931b-26e493f66ee7', 'Часто', 1),
    ('ab98ce3e-d26f-4f54-979c-d2215f5fa143', 'ab99b5c4-2ab5-42fb-931b-26e493f66ee7', 'Редко', 2),
    ('7ffbe0b9-be95-4a82-adee-98ad07c9aaeb', 'ab99b5c4-2ab5-42fb-931b-26e493f66ee7', 'Никогда', 3),
    ('4b0a9165-15bc-466c-a96c-8b07478f0b52', '0fd9ac3d-a856-4575-8a58-762a4894d903', 'Всегда', 0),
    ('e8bed8ef-2a0a-478d-8c68-4f1500b29684', '0fd9ac3d-a856-4575-8a58-762a4894d903', 'Часто', 1),
    ('1aa14313-5ad5-4c38-9377-5f0a6672b99e', '0fd9ac3d-a856-4575-8a58-762a4894d903', 'Редко', 2),
    ('372ffb47-10bf-4687-bbd4-5ee10c7a2301', '0fd9ac3d-a856-4575-8a58-762a4894d903', 'Никогда', 3),
    ('233623a2-557f-4f73-bd22-9564c99fdee6', 'a6a87fe6-618b-4019-a2d9-793066831651', 'Всегда', 3),
    ('142087c5-d561-493f-922d-1332ffb2c33c', 'a6a87fe6-618b-4019-a2d9-793066831651', 'Часто', 2),
    ('2850a1b7-f42d-4c56-aa41-a0b6f629f5f0', 'a6a87fe6-618b-4019-a2d9-793066831651', 'Редко', 1),
    ('8c107ce9-5360-4db9-a66b-0ff18b4818dc', 'a6a87fe6-618b-4019-a2d9-793066831651', 'Никогда', 0),
    ('b20e6c49-6be7-481d-b0ee-85325f8c7313', '998d9f5c-6321-4b81-9acd-2e0440013a73', 'Всегда', 3),
    ('ac04f8c0-efac-4bb6-8b3d-8f381884bb2e', '998d9f5c-6321-4b81-9acd-2e0440013a73', 'Часто', 2),
    ('4e41959c-a430-43bb-b87d-8a823612a863', '998d9f5c-6321-4b81-9acd-2e0440013a73', 'Редко', 1),
    ('edc1e5ee-0abc-4869-b233-64ea924c5c23', '998d9f5c-6321-4b81-9acd-2e0440013a73', 'Никогда', 0),
    ('1993cff5-3ed5-4658-870c-9e199bd84632', 'ac52fd5f-88c8-4e8b-8ec9-3d0e7b9315f8', 'Всегда', 0),
    ('6adf5863-2fb9-4aa6-a00f-35f180df59c4', 'ac52fd5f-88c8-4e8b-8ec9-3d0e7b9315f8', 'Часто', 1),
    ('bc16b114-abab-42e1-84d7-f890e7727b73', 'ac52fd5f-88c8-4e8b-8ec9-3d0e7b9315f8', 'Редко', 2),
    ('707a8bac-88b2-4791-b8b9-75961a597f9c', 'ac52fd5f-88c8-4e8b-8ec9-3d0e7b9315f8', 'Никогда', 3),
    ('b99be620-03cb-47d3-b4df-0947e28c1921', '159787b4-0b60-4754-8062-f34f3ad98d3a', 'Да', 0),
    ('bb62e68f-c0a0-4d3e-b886-ac03c29a2532', '159787b4-0b60-4754-8062-f34f3ad98d3a', 'Нет', 2),
    ('c291919e-b88f-4e3a-8f9e-acc49af5836f', 'a28241ec-b078-444a-a454-22b33f4bc9f1', 'Да', 0),
    ('cb2f1e78-aa03-4353-aecb-a33b23ab7d3f', 'a28241ec-b078-444a-a454-22b33f4bc9f1', 'Нет', 2),
    ('ea2dea0e-b3d0-4fac-b8a2-4295f0efd961', '1cf21320-2af0-40d6-a196-606a19ed382c', 'Да', 0),
    ('6f41c4e4-f3b8-43c1-a791-db0955ec3f12', '1cf21320-2af0-40d6-a196-606a19ed382c', 'Нет', 2),
    ('d51b47b6-484b-4d77-8f41-0dbd740a4f33', 'e2e9661a-5722-43b3-840d-98f066d0edd6', 'Скорее всего, заметят', 0),
    ('88fce4c9-0431-49e5-9299-151edefdb350', 'e2e9661a-5722-43b3-840d-98f066d0edd6', 'Скорее всего, не заметят', 2),
    ('60c3f44f-cdd5-45b9-ac1c-714df11134c1', '6fb1df2b-ad5e-4b94-bff2-c52310470b41', 'Отрицательно', 0),
    ('181b4c2a-49bc-4c1d-b306-07eb37f421e7', '6fb1df2b-ad5e-4b94-bff2-c52310470b41', 'Нейтрально', 1),
    ('6bcf0aa1-6a7c-482a-85b7-6d76de7ff2ab', '6fb1df2b-ad5e-4b94-bff2-c52310470b41', 'Положительно', 2),
    ('de2b30c5-608f-4cf4-bf40-6d81f67623d3', 'c6f7d78a-4b5e-44d4-b73c-510ac05e3de6', 'Отрицательно', 0),
    ('fd75cb86-dd36-4967-9e07-03d0ed6e099a', 'c6f7d78a-4b5e-44d4-b73c-510ac05e3de6', 'Нейтрально', 1),
    ('975bd6d9-2e2a-4a81-95ae-45e385a2e40c', 'c6f7d78a-4b5e-44d4-b73c-510ac05e3de6', 'Положительно', 2),
    ('c2bbadd9-964b-4e9f-a9e2-5f34fd289a58', '687ea42d-4204-4a91-9132-b9cac7c9c1fe', 'Отрицательно', 0),
    ('484eceeb-5930-4e4b-a9f6-fe7483586b37', '687ea42d-4204-4a91-9132-b9cac7c9c1fe', 'Нейтрально', 2),
    ('44b06c1c-11c2-4236-af93-40dd4a15d395', '687ea42d-4204-4a91-9132-b9cac7c9c1fe', 'Положительно', 3),
    ('adb95901-860e-461a-84eb-454628d0b0a5', '24c9ee9f-320b-4587-8e47-175ce7078596', 'Отрицательно', 0),
    ('d7c305f0-047b-4f54-baee-4145966a2faf', '24c9ee9f-320b-4587-8e47-175ce7078596', 'Нейтрально', 3),
    ('7a5b0ad3-1ec0-42af-b7d0-c2774abc7fde', '24c9ee9f-320b-4587-8e47-175ce7078596', 'Положительно', 4),
    ('1626ca0c-72fb-487a-b95c-e634f3f9d833', 'd82d29c5-0b94-4a8e-a3ee-06fc5ee068e4', 'Никогда', 0),
    ('ccd4fd50-9855-472c-b82c-6422105aa1ff', 'd82d29c5-0b94-4a8e-a3ee-06fc5ee068e4', 'Редко', 1),
    ('83a9ced4-2293-48a1-af70-cbf352ede811', 'd82d29c5-0b94-4a8e-a3ee-06fc5ee068e4', 'Часто', 2),
    ('9eca9b56-b7d9-4e0d-9f11-8fd54a26e72f', 'd82d29c5-0b94-4a8e-a3ee-06fc5ee068e4', 'Всегда', 3),
    ('d2d7d4d2-35d1-4d37-bcb9-9443ffef380f', '109df7b5-d0fb-4422-bec3-1fbc3477d251', 'Никогда', 0),
    ('0b299a3f-09ae-4470-a7ab-6af39b527f53', '109df7b5-d0fb-4422-bec3-1fbc3477d251', 'Редко', 1),
    ('9250dcc1-445b-4e9b-bf0e-5b88924ffa8e', '109df7b5-d0fb-4422-bec3-1fbc3477d251', 'Часто', 3),
    ('13b856fa-2aa9-4e35-aa7a-23c7680ff101', '109df7b5-d0fb-4422-bec3-1fbc3477d251', 'Всегда', 4),
    ('ac8bd3d7-2172-414c-bc80-c1549e866a62', '988dfaa8-f8a3-4321-8966-3d42619531ac', 'Никогда', 0),
    ('7a272adb-1805-4efc-91bf-758bc93ef128', '988dfaa8-f8a3-4321-8966-3d42619531ac', 'Редко', 3),
    ('0cde1a03-c57d-432d-8f5e-7e4cce3615a4', '988dfaa8-f8a3-4321-8966-3d42619531ac', 'Часто', 4),
    ('8ea838cb-d301-46bd-a203-43bd5cad33f9', '988dfaa8-f8a3-4321-8966-3d42619531ac', 'Всегда', 5),

    ('e737bec0-c9a5-4988-8136-1201224b5b2c', '085176d9-b4f2-4655-afb3-e6a89dad5d6f', 'Положительное', 2),
    ('30571296-7930-45aa-a40e-2e494819005f', '085176d9-b4f2-4655-afb3-e6a89dad5d6f', 'Нейтральное', 1),
    ('f88bf817-cfac-4e21-8ad5-28bf59d4a8d7', '085176d9-b4f2-4655-afb3-e6a89dad5d6f', 'Отрицательное', 0),
    ('dbc8dd09-869f-4505-8ac0-84e6d4f91ff4', '99160967-f694-440a-80b4-3c0328215618', 'Положительное', 2),
    ('ba21a092-07b9-4cd6-9314-aedb659a5f05', '99160967-f694-440a-80b4-3c0328215618', 'Нейтральное', 1),
    ('76a61b39-f6da-4736-838e-f009e100490f', '99160967-f694-440a-80b4-3c0328215618', 'Отрицательное', 0),
    ('e09bd77d-333b-4a1e-872f-843c426800db', 'b46f52f9-cd81-4f1c-8fa4-6bf70041a94b', 'Положительное', 3),
    ('fbb2e686-fbc5-4d69-8bb6-379adfc96109', 'b46f52f9-cd81-4f1c-8fa4-6bf70041a94b', 'Нейтральное', 2),
    ('bcdb6a38-6f23-4de1-941c-bf63817b7c79', 'b46f52f9-cd81-4f1c-8fa4-6bf70041a94b', 'Отрицательное', 0),
    ('e3e112e4-d639-48fa-89ff-4ce583d95524', '357c16b0-7c84-4d74-98fa-8a3f23889dc8', 'Положительное', 3),
    ('5a49a596-cfb8-46dc-a78e-0bee44437ff7', '357c16b0-7c84-4d74-98fa-8a3f23889dc8', 'Нейтральное', 2),
    ('ec74a784-d437-4663-a85f-4efc2af7f15b', '357c16b0-7c84-4d74-98fa-8a3f23889dc8', 'Отрицательное', 0),
    ('6e7e630d-537d-497e-9367-ed225e47bb86', 'eca73c83-b96d-4e1f-8382-5f44199a9c25', 'Очень вредно', 0),
    ('13e3e5f4-1b90-4a7c-a3f4-3e87a24460b3', 'eca73c83-b96d-4e1f-8382-5f44199a9c25', 'Скорее вредно, чем полезно', 1),
    ('53a258ac-a199-4e5f-8241-337993d1bf1e', 'eca73c83-b96d-4e1f-8382-5f44199a9c25', 'Скорее полезно, чем вредно', 2),
    ('20152ad5-7b14-4c2a-a774-14348ae72896', 'eca73c83-b96d-4e1f-8382-5f44199a9c25', 'Полезно', 3),
    ('c7098a10-a52a-47ff-88bf-e04c25ce4ce6', '47b00421-a7b5-4341-a2cd-4fa83413bd51', 'Очень вредно', 0),
    ('592b94c0-1920-4c90-af7c-2fd4dad56cae', '47b00421-a7b5-4341-a2cd-4fa83413bd51', 'Скорее вредно, чем полезно', 1),
    ('dc0411a7-91da-482d-93ad-613c929c58ef', '47b00421-a7b5-4341-a2cd-4fa83413bd51', 'Скорее полезно, чем вредно', 2),
    ('41103b22-2132-489a-b0d2-5217c4f53b75', '47b00421-a7b5-4341-a2cd-4fa83413bd51', 'Полезно', 3),
    ('cf1dfcbb-53bf-4464-8e7e-8bb57ef66841', 'a3cbdba3-900a-44a4-8c8e-8be06aca573c', 'Очень вредно', 0),
    ('bc4314d2-e93e-474f-bec4-c5e514bf1274', 'a3cbdba3-900a-44a4-8c8e-8be06aca573c', 'Скорее вредно, чем полезно', 2),
    ('ce06f743-cdd7-422c-985c-07df055d71f0', 'a3cbdba3-900a-44a4-8c8e-8be06aca573c', 'Скорее полезно, чем вредно', 3),
    ('e31fd47e-bffe-4fb7-b078-164e85b774d2', 'a3cbdba3-900a-44a4-8c8e-8be06aca573c', 'Полезно', 4),
    ('c25dcbd9-5b1a-4486-9db7-920b867e2416', '76fa585f-53d3-4a65-ac74-1ecd0a944a2e', 'Очень вредно', 0),
    ('6ff08cd5-4313-4bba-a3d4-4fbb8070dc22', '76fa585f-53d3-4a65-ac74-1ecd0a944a2e', 'Скорее вредно, чем полезно', 3),
    ('39f9c680-abb8-4f57-9604-19a2d872beaf', '76fa585f-53d3-4a65-ac74-1ecd0a944a2e', 'Скорее полезно, чем вредно', 4),
    ('b4d0bc5e-4261-4e68-9145-7950e6e906c0', '76fa585f-53d3-4a65-ac74-1ecd0a944a2e', 'Полезно', 5),
    ('234a89b7-08f9-4d78-b2e8-af34cdbf1b57', 'd64d6bfb-3e65-4d19-837f-510222876375', 'Никогда не употреблял(-а)', 0),
    ('bda37cc4-7c97-404a-99f3-6288e5b7e197', 'd64d6bfb-3e65-4d19-837f-510222876375', 'Раньше употреблял(-а) но бросил(-а)', 1),
    ('916734ee-5446-42ab-9ff8-60ebd1ad9af6', 'd64d6bfb-3e65-4d19-837f-510222876375', 'Иногда употребляю', 2),
    ('89c71f77-8051-4a0e-834b-2d16da0dd663', 'd64d6bfb-3e65-4d19-837f-510222876375', 'Ежедневно употребляю', 3),
    ('43cca2ce-d9b0-4645-a7d0-1dab8632fab2', 'e470772f-e6f6-4d2c-8716-307570486c39', 'Никогда не употреблял(-а)', 0),
    ('55072976-bd42-42ad-8799-3188265fb577', 'e470772f-e6f6-4d2c-8716-307570486c39', 'Раньше употреблял(-а) но бросил(-а)', 1),
    ('49b5d008-9cc7-4ec0-9173-738aa4fd2d7c', 'e470772f-e6f6-4d2c-8716-307570486c39', 'Иногда употребляю', 2),
    ('e4f87178-c472-450a-b585-a394aed76fb0', 'e470772f-e6f6-4d2c-8716-307570486c39', 'Ежедневно употребляю', 3),
    ('e4bb2a7c-1466-4646-89b8-46e531803686', '913987b3-728b-486e-9699-bef3ada869be', 'Никогда не употреблял(-а)', 0),
    ('3a5a8759-fe7d-47b1-b413-7e044da5111a', '913987b3-728b-486e-9699-bef3ada869be', 'Раньше употреблял(-а) но бросил(-а)', 2),
    ('61505625-3120-40ac-bf61-2ed61ab48a2e', '913987b3-728b-486e-9699-bef3ada869be', 'Иногда употребляю', 3),
    ('ddb043c2-c43d-48a9-aab8-63cc269c1066', '913987b3-728b-486e-9699-bef3ada869be', 'Ежедневно употребляю', 4),
    ('f5e8a5f7-48ef-4f9e-bd6a-8ee9b4de17dd', 'c6266bd7-7c38-4094-ada9-8adba87fd3c0', 'Никогда не употреблял(-а)', 0),
    ('051e503c-d2c5-44e3-8e23-b31597f6ddaf', 'c6266bd7-7c38-4094-ada9-8adba87fd3c0', 'Раньше употреблял(-а) но бросил(-а)', 3),
    ('24029173-2da8-4d47-8531-7817cfbe2211', 'c6266bd7-7c38-4094-ada9-8adba87fd3c0', 'Иногда употребляю', 4),
    ('4eed69c3-9777-4020-9498-1bd273c102c2', 'c6266bd7-7c38-4094-ada9-8adba87fd3c0', 'Ежедневно употребляю', 5),
    ('fb9895fb-4fdf-4160-aa86-ab87356f472d', 'a9ead8db-6b53-4da9-85bd-61341833e71c', 'Всегда', 3),
    ('add5312b-fe77-417f-a3dd-0715ca142fc7', 'a9ead8db-6b53-4da9-85bd-61341833e71c', 'Часто', 2),
    ('48810503-d99e-46bc-a4bc-3eb80d6cffcd', 'a9ead8db-6b53-4da9-85bd-61341833e71c', 'Иногда', 1),
    ('2ef03525-19e0-4f79-a674-e101cdd257db', 'a9ead8db-6b53-4da9-85bd-61341833e71c', 'Никогда', 0),
    ('0900c271-19e1-4498-acc5-bb06bfa615f4', '22faa139-b257-4f87-a4d1-386a1e09a0a7', 'Всегда', 3),
    ('25faf194-c213-4de2-9452-873aec801fdc', '22faa139-b257-4f87-a4d1-386a1e09a0a7', 'Часто', 2),
    ('14cf0609-a747-440e-82a6-73156af077ec', '22faa139-b257-4f87-a4d1-386a1e09a0a7', 'Иногда', 1),
    ('aef1adb7-b300-4495-b8bd-39d37d05493a', '22faa139-b257-4f87-a4d1-386a1e09a0a7', 'Никогда', 0),

    ('862278dd-a938-439a-bf33-1f080f60c952', '08a608aa-d670-424d-a44c-74ea0726ec8b', 'Всегда', 0),
    ('ec446916-49e4-4e05-9c04-b94b71d52c76', '08a608aa-d670-424d-a44c-74ea0726ec8b', 'Часто', 1),
    ('60b19e00-4f7f-4158-8c1f-7aad6071f8a4', '08a608aa-d670-424d-a44c-74ea0726ec8b', 'Иногда', 2),
    ('94f9e106-7bc1-4442-8415-a47fefdaf662', '08a608aa-d670-424d-a44c-74ea0726ec8b', 'Никогда', 3),
    ('388715e1-afe7-4edc-b7e6-764febccea78', '9e7446a8-8623-41e5-b166-b75c01ad3390', 'Всегда', 0),
    ('cf3dca99-8132-4277-a7b7-2ad407478bab', '9e7446a8-8623-41e5-b166-b75c01ad3390', 'Часто', 1),
    ('1159e261-c73f-4a31-adbe-30f6c645b36c', '9e7446a8-8623-41e5-b166-b75c01ad3390', 'Иногда', 2),
    ('81226581-9c97-441b-b257-7035dc4abd9f', '9e7446a8-8623-41e5-b166-b75c01ad3390', 'Никогда', 3),
    ('a6a1d994-409a-4030-892e-59d9138e263d', 'a8e24cc7-26bb-4f4b-95e1-30889cd889c2', 'Никто', 0),
    ('0ba2af94-d3a6-47eb-b85d-222ab5ab21c2', 'a8e24cc7-26bb-4f4b-95e1-30889cd889c2', '1-2 человека', 1),
    ('3cdd99d3-bc84-4cb3-859d-bf78e8518cce', 'a8e24cc7-26bb-4f4b-95e1-30889cd889c2', 'Около половины', 2),
    ('df17a0b6-129e-4f94-8f1b-9ca68c66ca7b', 'a8e24cc7-26bb-4f4b-95e1-30889cd889c2', 'Большинство', 3),
    ('fc242dd0-a14e-44f2-b35f-686e657ea12e', '46c9405f-2542-4eba-94ac-8f0ae14ed0d4', 'Никто', 0),
    ('0e4de20c-8576-499a-b9e3-3665102be212', '46c9405f-2542-4eba-94ac-8f0ae14ed0d4', '1-2 человека', 1),
    ('c53dfb13-592c-4174-9fa4-650a580123bd', '46c9405f-2542-4eba-94ac-8f0ae14ed0d4', 'Около половины', 2),
    ('09bfe162-4de4-4fa2-8cda-d89e793008b6', '46c9405f-2542-4eba-94ac-8f0ae14ed0d4', 'Большинство', 3),
    ('3a81ac80-b67e-46df-8326-b7387bb51ad8', '42c9d415-1867-43f8-8568-31a24165f629', 'Никто', 0),
    ('cd76f92d-3c04-4e14-909f-0510d77ff9f4', '42c9d415-1867-43f8-8568-31a24165f629', '1-2 человека', 2),
    ('a467d9d2-eb1c-475e-bcf2-e1de6609d4e7', '42c9d415-1867-43f8-8568-31a24165f629', 'Около половины', 3),
    ('42aa9355-ce59-4466-8eef-16ce80587a88', '42c9d415-1867-43f8-8568-31a24165f629', 'Большинство', 4),
    ('1491af7c-ea92-40ce-838a-96ecaba65c8c', '43ac66ee-733c-4d1c-8a37-8b64fe03225a', 'Никто', 0),
    ('61d8b2f5-4c60-4860-b06b-72110d5eaa7c', '43ac66ee-733c-4d1c-8a37-8b64fe03225a', '1-2 человека', 3),
    ('6a204371-c86a-4e86-b70a-8a902a6491fd', '43ac66ee-733c-4d1c-8a37-8b64fe03225a', 'Около половины', 4),
    ('1f14f118-536b-44be-b562-815aa91a1247', '43ac66ee-733c-4d1c-8a37-8b64fe03225a', 'Большинство', 5),
    ('8809b0cf-c51b-4789-9e73-9ce348319e5e', '08fae408-953d-4ad1-80e1-15bae991df5b', 'Никто', 0),
    ('6a906944-d254-46f7-9420-004ca563df84', '08fae408-953d-4ad1-80e1-15bae991df5b', '1-2 человека', 1),
    ('44d4f1a2-4482-4438-954f-f518fcd3237d', '08fae408-953d-4ad1-80e1-15bae991df5b', 'Около половины', 2),
    ('4fe1fa85-a822-44a4-bc45-e323534c4acf', '08fae408-953d-4ad1-80e1-15bae991df5b', 'Большинство', 3),
    ('6ab8b097-b670-49d6-ab35-fc80fba4ffe6', 'd7d419d4-17c7-4d41-b7dc-c3c68247bf06', 'Никто', 0),
    ('67a2ac2b-231d-46be-9362-a2055ab1919c', 'd7d419d4-17c7-4d41-b7dc-c3c68247bf06', '1-2 человека', 1),
    ('9746829a-bac4-4e9f-8e5b-36aa1181ee2f', 'd7d419d4-17c7-4d41-b7dc-c3c68247bf06', 'Около половины', 2),
    ('d8537169-b110-4f60-b1a9-1e8dab0dfbe7', 'd7d419d4-17c7-4d41-b7dc-c3c68247bf06', 'Большинство', 3),
    ('0d4bc35a-8ca7-4bf1-8379-e40a6dc14c17', '024e3d25-da68-4bc3-8329-c837a75aeddd', 'Никто', 0),
    ('5f147cc7-8b91-416e-bf68-db290cc8961f', '024e3d25-da68-4bc3-8329-c837a75aeddd', '1-2 человека', 2),
    ('afb7d786-ce93-48ab-b741-fbeccb525a3b', '024e3d25-da68-4bc3-8329-c837a75aeddd', 'Около половины', 3),
    ('5f4ba829-cbab-4ed3-afc8-c81adb36b339', '024e3d25-da68-4bc3-8329-c837a75aeddd', 'Большинство', 4),
    ('e35f0d96-864c-46e7-8888-726ebe866b51', '0bd0ee70-bcba-4563-9689-f2320eafc42c', 'Никто', 0),
    ('44b11064-0443-435c-bae2-cf7e31d0eb16', '0bd0ee70-bcba-4563-9689-f2320eafc42c', '1-2 человека', 3),
    ('af1be2ec-4c35-484a-b51d-0ee271fe2d39', '0bd0ee70-bcba-4563-9689-f2320eafc42c', 'Около половины', 4),
    ('b240667b-40ba-4c19-9e71-9656c2d827e7', '0bd0ee70-bcba-4563-9689-f2320eafc42c', 'Большинство', 5),
    ('d8992628-f874-411c-b403-0c94f4fe56fe', 'f985cecf-f959-4ce0-8f1f-44b3c0c3bf6a', 'Очень легко', 3),
    ('98e8e913-ec28-4fcf-8b44-bc52909b7110', 'f985cecf-f959-4ce0-8f1f-44b3c0c3bf6a', 'Довольно легко', 2),
    ('fb8a4897-ad7e-4dd1-8ef4-271eed938d47', 'f985cecf-f959-4ce0-8f1f-44b3c0c3bf6a', 'Довольно сложно', 1),
    ('72a3486f-6baf-4feb-a38b-50d58dca187e', 'f985cecf-f959-4ce0-8f1f-44b3c0c3bf6a', 'Невозможно', 0),
    ('2c50b0be-6d1b-48c8-bd11-b1eb413dcaaa', 'b6f1027e-a558-43eb-8d52-86e00102c9e5', 'Очень легко', 3),
    ('102474e3-a06a-404b-b650-68761b61b88c', 'b6f1027e-a558-43eb-8d52-86e00102c9e5', 'Довольно легко', 2),
    ('97f44233-61d5-4a08-8748-c5a9a02b148b', 'b6f1027e-a558-43eb-8d52-86e00102c9e5', 'Довольно сложно', 1),
    ('501fcac3-4ce5-4e28-bfff-bf693c2d713b', 'b6f1027e-a558-43eb-8d52-86e00102c9e5', 'Невозможно', 0),
    ('8cfb9f89-4475-4d60-841f-5b809c6663bc', '85c472db-f2f5-4d80-aa0d-cfd168d2ffe9', 'Очень легко', 4),
    ('00f779fa-8f80-405d-abe8-333383b1c53c', '85c472db-f2f5-4d80-aa0d-cfd168d2ffe9', 'Довольно легко', 3),
    ('e224775a-0c7e-45a5-be4d-fdfdb15c39e6', '85c472db-f2f5-4d80-aa0d-cfd168d2ffe9', 'Довольно сложно', 2),
    ('409ad280-83b2-40fd-85b0-cdaaf2b865b5', '85c472db-f2f5-4d80-aa0d-cfd168d2ffe9', 'Невозможно', 0),
    ('59111f39-9470-4d79-ae82-0e7037bef565', '84ef5f01-6b07-4d2e-afd2-f98a2bc5c786', 'Очень легко', 5),
    ('227864b5-5a8e-4d0a-bf54-8816c5524a7a', '84ef5f01-6b07-4d2e-afd2-f98a2bc5c786', 'Довольно легко', 4),
    ('d031b379-7aeb-40fe-aa77-4d49bbe6cfba', '84ef5f01-6b07-4d2e-afd2-f98a2bc5c786', 'Довольно сложно', 3),
    ('b2127555-a256-43d5-844e-3f4090f3bfb6', '84ef5f01-6b07-4d2e-afd2-f98a2bc5c786', 'Невозможно', 0),
    ('fc0e5d06-53d8-4305-a026-096188b43e5c', 'b2294346-e5bb-46d2-8ca0-5da941683060', 'Очень легко', 5),
    ('b67e1a2a-a9ea-4bc4-8589-cb5b73579f6b', 'b2294346-e5bb-46d2-8ca0-5da941683060', 'Довольно легко', 4),
    ('1bb1f86a-7387-410f-b489-18341b3a8b20', 'b2294346-e5bb-46d2-8ca0-5da941683060', 'Довольно сложно', 3),
    ('f65a3e14-aad4-4f67-8093-2fde8abeed60', 'b2294346-e5bb-46d2-8ca0-5da941683060', 'Невозможно', 0),
    ('131485dc-ae5b-497c-b9f2-f251f06b0dac', '4e633788-bef6-47ce-8db3-69e6ce87571b', 'Да', 2),
    ('99997246-3362-4142-87c8-ceaad242ef14', '4e633788-bef6-47ce-8db3-69e6ce87571b', 'Нет', 0),
    ('0d412e5c-9a9c-435f-af2f-524f8e235b8a', '5b7aa019-f6d7-4a11-91b8-cb14227015a7', 'Да', 2),
    ('3963585d-2861-42a8-ac68-ce9442dd93f1', '5b7aa019-f6d7-4a11-91b8-cb14227015a7', 'Нет', 0),

    ('0a6be425-bbff-4b1f-967c-b5e9182bc62a', 'b0805a23-a9ae-44d4-878f-6183cd64e517', 'Лучше', 0),
    ('6d06b15f-3497-4786-aaef-d2ee1f55fb86', 'b0805a23-a9ae-44d4-878f-6183cd64e517', 'Как все', 1),
    ('08ff7336-57e1-46df-a9e4-7ba3613f6386', 'b0805a23-a9ae-44d4-878f-6183cd64e517', 'Хуже', 2),
    ('2dfa68b6-e065-41e0-b89e-78ca1f311b92', '2995981d-752d-4c03-833f-cf1ecb4d0a8e', 'Часто', 3),
    ('725afb84-ad0a-40e6-b1e4-a3311c48764e', '2995981d-752d-4c03-833f-cf1ecb4d0a8e', 'Редко', 1),
    ('d8be3708-ae20-4081-a00c-c91b84d77473', '2995981d-752d-4c03-833f-cf1ecb4d0a8e', 'Никогда', 0),
    ('7c4abc35-2d00-4d5d-a637-005fe1a44c35', '51e6d2c6-022c-4888-859e-060bd02ff18f', 'Всегда', 0),
    ('2b135469-26f2-4cf8-a8f2-d707c4153acd', '51e6d2c6-022c-4888-859e-060bd02ff18f', 'Часто', 1),
    ('4b797bc2-d91a-4637-9ab8-af50d571058c', '51e6d2c6-022c-4888-859e-060bd02ff18f', 'Иногда', 2),
    ('120b0d60-d41c-4364-9df2-be185a1f198c', '51e6d2c6-022c-4888-859e-060bd02ff18f', 'Никогда', 3),
    ('7b25c7a0-a918-4c5b-8b6d-c989c052337e', '3f49ec86-0e8b-4aca-859d-83054849e346', 'Всегда', 0),
    ('eeaf6a37-4fa3-4eae-96c2-0ff9cc49ba20', '3f49ec86-0e8b-4aca-859d-83054849e346', 'Часто', 1),
    ('915f4cbd-b339-4d71-b00a-915db918e7fa', '3f49ec86-0e8b-4aca-859d-83054849e346', 'Иногда', 2),
    ('8e04f81a-0e3e-43c1-8aad-a47f815b5ece', '3f49ec86-0e8b-4aca-859d-83054849e346', 'Никогда', 3),
    ('8ae9720d-bb05-4775-9d0f-ef6ff4aa2cf4', 'e7a8f58f-de2d-4a02-beb8-b951818d0ac2', 'Всегда', 0),
    ('dac523f5-5b5c-4f54-b089-e000e83818f7', 'e7a8f58f-de2d-4a02-beb8-b951818d0ac2', 'Часто', 1),
    ('e52884a3-cefa-4081-8a92-6f34251cc621', 'e7a8f58f-de2d-4a02-beb8-b951818d0ac2', 'Иногда', 2),
    ('3992d129-e20c-482e-a9c5-b5b7ce85e68c', 'e7a8f58f-de2d-4a02-beb8-b951818d0ac2', 'Никогда', 3),
    ('fef21404-421b-4815-bf8b-cb8efa928be2', '57c6bcf8-251a-4d9a-9b4b-0e266c2e35c8', 'Да', 0),
    ('640f9395-4b33-404b-9ee4-c5c353d7e8e5', '57c6bcf8-251a-4d9a-9b4b-0e266c2e35c8', 'Нет', 2),
    ('51875dd3-9aa4-40ee-a89b-0c45600b2153', '81db19e2-771d-4c01-8854-a9e3ed6fd140', 'Ни разу', 0),
    ('367464aa-6de6-4dcf-950f-2bf24be197fe', '81db19e2-771d-4c01-8854-a9e3ed6fd140', '1 раз', 1),
    ('936987ad-f8e6-4ff3-bcbd-954575165274', '81db19e2-771d-4c01-8854-a9e3ed6fd140', '2 раза', 2),
    ('bb6936f0-21e9-4bd8-8f95-e59fdbb9f798', '81db19e2-771d-4c01-8854-a9e3ed6fd140', '3 и более раз', 3),
    ('a85e1de6-4193-478b-aa82-945dde0f36ac', 'b2f87b24-dcb4-48c5-bedf-fd20735a8f59', 'Очень интересна', 0),
    ('d115e904-dcaf-4beb-ab3e-550195249269', 'b2f87b24-dcb4-48c5-bedf-fd20735a8f59', 'Довольно интересна', 1),
    ('d55a8ecf-484e-4e0a-a6c9-25e01f772741', 'b2f87b24-dcb4-48c5-bedf-fd20735a8f59', 'Малоинтересна', 2),
    ('439637ed-0c90-44b6-81a3-9c5a8ed3c171', 'b2f87b24-dcb4-48c5-bedf-fd20735a8f59', 'Совсем не интересна', 3);


INSERT INTO methodologies.scalequestion(id, scale_id, question_id)
VALUES
    ('afdad6e3-32be-4c3e-8cf5-8169cc364df4', '24deebaf-6ab0-4694-b0df-fed125f03d56', 'ea8b2e43-ab73-4933-89fc-4fc958f7226c'),
    ('482e112a-7d4f-412c-981b-12470c2c0363', '24deebaf-6ab0-4694-b0df-fed125f03d56', '559cf4ac-e794-4f6a-8ddc-9ffceebcecbf'),
    ('6ea7df11-c8e0-4056-abb3-4ef0bbf41cad', '24deebaf-6ab0-4694-b0df-fed125f03d56', '81c7c389-3015-44f1-9a37-3583cf73097c'),
    ('3649cfb0-a383-4118-b774-5546c155bb08', '24deebaf-6ab0-4694-b0df-fed125f03d56', 'ee00a954-adbf-46b2-a9b9-6ab6400e2499'),
    ('4c607e4c-ef7d-4648-a687-76120c01f63d', '24deebaf-6ab0-4694-b0df-fed125f03d56', '464f434f-ac51-43ec-b24d-e32ebad59690'),
    ('48e7a46a-b8cc-4d5f-b7ed-ac20a0f48fbf', '24deebaf-6ab0-4694-b0df-fed125f03d56', '5eeb32e5-19b0-47a8-814e-14a8e56e977c'),
    ('1c55c619-8745-45e6-8490-c78191831d4a', '24deebaf-6ab0-4694-b0df-fed125f03d56', '03d38264-bb06-41f6-a804-d42fb94514ab'),
    ('4aafecf6-a380-4367-b993-11ec127a8225', '24deebaf-6ab0-4694-b0df-fed125f03d56', '369004e1-74dc-4089-b8d0-cf0e7900a6cd'),
    ('5cddf830-0cf9-4018-98fe-0d8ab1c190ad', '24deebaf-6ab0-4694-b0df-fed125f03d56', '312f96b4-cba4-4fc2-8e42-fa3441e9ebbc'),
    ('50d9f263-026f-40d5-ab2e-bd1d37f0e948', '24deebaf-6ab0-4694-b0df-fed125f03d56', '24b9deef-d108-48f7-8b8e-dffb694e3b00'),

    ('32deb911-55c9-411a-88d3-78413e1d08b8', '5d2412dd-6740-4a02-8c95-0adf03f0b7be', 'fb380181-edf4-4e45-b63a-1815771ea311'),
    ('201bef78-42f4-46c2-a040-b137542b2db0', '5d2412dd-6740-4a02-8c95-0adf03f0b7be', '8afc8b90-4a86-40b5-872f-c51be5a3370b'),
    ('081a7240-70bc-4b75-ac6b-068fd4279294', '5d2412dd-6740-4a02-8c95-0adf03f0b7be', '99e5c341-966d-4710-9389-50633174dd8c'),
    ('c125a44e-68da-46b9-96b0-e6d6bedb3833', '5d2412dd-6740-4a02-8c95-0adf03f0b7be', '80f52397-8c36-4ce4-97df-2cf1ff47223f'),
    ('b5cb313f-9218-48b4-a0c3-9ae181cdd27d', '5d2412dd-6740-4a02-8c95-0adf03f0b7be', 'c1d71e2c-4423-430e-bf77-6f488a52c121'),
    ('467564d9-8ea9-4004-9400-62d01e066458', '5d2412dd-6740-4a02-8c95-0adf03f0b7be', 'ee57ec2d-ea22-4ba5-a620-726ace5649d8'),
    ('883e7cdd-d3db-4a84-83df-33fd1a191348', '5d2412dd-6740-4a02-8c95-0adf03f0b7be', '885be2c2-7889-4cd1-99ab-51c4749a4f87'),
    ('75ad14db-9f28-4c03-97fe-86cce3175e07', '5d2412dd-6740-4a02-8c95-0adf03f0b7be', '8e77bd20-77db-43f0-a129-7ef901f13b98'),
    ('84a8e877-1f2e-4ba8-9e52-9bdc6303e759', '5d2412dd-6740-4a02-8c95-0adf03f0b7be', 'd4090046-f923-4ba8-ad43-ef3d7b983a68'),
    ('105ee6d8-7682-490a-9ccb-5de40c918738', '5d2412dd-6740-4a02-8c95-0adf03f0b7be', 'a66e467c-4bb9-46ee-aff7-8dd80bb1a5d7'),

    ('62587914-f794-439b-80bb-676418b045eb', '454668ed-d910-4768-87e4-fe1f6ae80b4c', '00fd33f4-f239-4199-ba74-0bc40388087f'),
    ('03efcb78-c3b2-496a-8141-cb1edf4ddbe4', '454668ed-d910-4768-87e4-fe1f6ae80b4c', '1b596b6e-9296-433f-9f93-b6a08a5cb858'),
    ('1082ae1f-47c3-4e7c-9969-090995cf9d2c', '454668ed-d910-4768-87e4-fe1f6ae80b4c', '5227e5d8-7587-4000-a1dd-98009ca0e1c9'),
    ('c34f0f36-01b0-47ed-be04-7e4ec1bbcc4d', '454668ed-d910-4768-87e4-fe1f6ae80b4c', '64a2c170-835c-43d2-8e0f-1a404e6f34cf'),
    ('5f49689e-5c26-4d4c-ac54-addf83a3e007', '454668ed-d910-4768-87e4-fe1f6ae80b4c', 'b23336d1-3180-475b-8047-dda9cbda9b54'),
    ('808eb6e8-87f7-4ef9-b9fb-f06f96671464', '454668ed-d910-4768-87e4-fe1f6ae80b4c', 'b8ec8923-bc09-42cf-9db6-1d4e36cd287e'),
    ('528cbdf6-9dc2-43fd-a0ba-be539b3ad8a5', '454668ed-d910-4768-87e4-fe1f6ae80b4c', '4419f1a2-2a75-4c6d-a8f4-e85528a1f8dc'),
    ('0828aed9-4e21-4c08-9166-13e3d7ef6c91', '454668ed-d910-4768-87e4-fe1f6ae80b4c', 'aedd4634-cc1b-4ae7-a987-a70c4abd2859'),
    ('8797fefa-b0a9-4cc9-bbe9-8cb0cb1fc2ea', '454668ed-d910-4768-87e4-fe1f6ae80b4c', 'c5de023d-935a-4320-b00c-f540ace9c9b4'),
    ('4683419b-7e44-453a-91a5-21cb271962d7', '454668ed-d910-4768-87e4-fe1f6ae80b4c', '2c5793da-f235-460b-824e-666b40f1a12e'),

    ('bb1ff206-6afb-4493-9394-7a7371eefd64', '6e4abf6f-43dd-46a2-80e8-31e789fc923f', '9e3be11b-d645-4ec6-8af8-5f9e4031158f'),
    ('4fcf60a3-c402-4ae5-9226-20b5b7b1f94a', '6e4abf6f-43dd-46a2-80e8-31e789fc923f', 'd2e9c386-fc87-4425-9365-df0299b424c8'),
    ('1c8ae586-d881-49e8-917f-5a58be07b4ad', '6e4abf6f-43dd-46a2-80e8-31e789fc923f', 'bf62bcd2-4473-475c-a871-562bc67d782d'),
    ('a3fb064d-a131-46bc-a6fc-04f6c00e9d73', '6e4abf6f-43dd-46a2-80e8-31e789fc923f', '554eb2c4-1044-46dc-94bf-023a41a78d46'),
    ('8920b302-33f7-4e63-a593-a49197b46a2f', '6e4abf6f-43dd-46a2-80e8-31e789fc923f', '5feb57a8-221c-4297-954d-5784321355ed'),
    ('9f621d15-5519-4536-913b-7a0103cdaa65', '6e4abf6f-43dd-46a2-80e8-31e789fc923f', 'cba8b0d8-0110-42f1-b26f-7ae07fe64b7f'),
    ('b2be1188-df56-413b-b9fc-10584302dc33', '6e4abf6f-43dd-46a2-80e8-31e789fc923f', '346de03d-1aa0-4eb9-ab81-4ff5629c27db'),
    ('967c6ede-d714-416e-906b-0a3fe3f172ef', '6e4abf6f-43dd-46a2-80e8-31e789fc923f', 'd6e70ba4-57d0-4112-bc01-a2887243ff8d'),
    ('80fad3fe-879c-4535-bca4-09834d5c2317', '6e4abf6f-43dd-46a2-80e8-31e789fc923f', '48516d74-6d73-424e-980d-07b62ea4a2ce'),
    ('5bba3dd2-6b42-48b6-9540-d5b43cc23ce2', '6e4abf6f-43dd-46a2-80e8-31e789fc923f', '69546623-5b08-46b3-b719-44733e8564f3'),


    ('6af5af81-4256-4474-baa0-5f5839e1d145', '103b9a98-ca43-4630-a32c-ab80f086d443', 'abf619c5-7e91-4022-8477-89552bb86031'),
    ('8382ec7e-5ee6-4b8a-8290-1e01da337a44', '103b9a98-ca43-4630-a32c-ab80f086d443', 'eddad197-bbbc-4d30-aa5d-ddf9f45fe194'),
    ('8dc50f17-65a3-4af3-be42-dbc26750c281', '103b9a98-ca43-4630-a32c-ab80f086d443', 'b69ffe98-c637-4dd3-b77f-64547ec0c0f0'),
    ('f9210bdc-426d-4808-aa2e-b89fa5e52136', '103b9a98-ca43-4630-a32c-ab80f086d443', '3785f6a7-8a7f-41ec-aafa-d6375bcae21f'),
    ('40da75c1-1743-4c71-b010-e2ede015d5b2', '103b9a98-ca43-4630-a32c-ab80f086d443', 'edf13656-3eb5-496f-8063-12f6cbd1a9e9'),
    ('265bb284-759b-4a64-9cf1-87b804389855', '103b9a98-ca43-4630-a32c-ab80f086d443', '588f1e18-3585-4685-b521-ed0413cc7dab'),
    ('652336ae-1765-47f6-9174-1a7c05f7c6fe', '103b9a98-ca43-4630-a32c-ab80f086d443', '67974e03-60db-451d-9393-716838ae7a10'),
    ('9a8e77d2-d3e6-4c88-8639-25e990dee92b', '103b9a98-ca43-4630-a32c-ab80f086d443', '1ca72bdb-9b12-4167-9a04-6993eee77a97'),
    ('e5109562-849e-40d0-a7ab-dc6e2eb71d55', '103b9a98-ca43-4630-a32c-ab80f086d443', '729ed4bd-eef8-4171-a226-c48917b5931e'),
    ('5ae83994-68bb-4c10-9797-b967e2cfdbcf', '103b9a98-ca43-4630-a32c-ab80f086d443', '1fde8fde-4f72-4abb-bfcc-6a6f8efb633c'),
    ('ff2e441f-60a5-4b4a-b7ea-4f0837748ff9', '103b9a98-ca43-4630-a32c-ab80f086d443', '8367a7ec-8eea-4576-8b28-5d1c1845809e'),
    ('9e4fa819-0a54-442a-9fbd-3d3e59dd1619', '103b9a98-ca43-4630-a32c-ab80f086d443', '31b77c61-0245-4081-abef-d969c848efba'),
    ('bffe8a60-cfd8-44e6-8bd7-5b2048e61441', '103b9a98-ca43-4630-a32c-ab80f086d443', '7457c266-6431-4c42-925f-6bb2112564db'),
    ('4f01dbfb-11d1-4767-80c5-ca64680e3f98', '103b9a98-ca43-4630-a32c-ab80f086d443', 'a92fd763-4810-453e-bd21-174cf029878e'),
    ('d5b55ab5-1eef-48a9-baad-571a0a5d47fd', '103b9a98-ca43-4630-a32c-ab80f086d443', '0175eb1c-ad6f-4f3b-9fc6-dc6c104f0c4a'),
    ('f2d19a3d-746a-48af-8765-584f40f837f1', '103b9a98-ca43-4630-a32c-ab80f086d443', '73943666-72a6-444b-90a3-1f4bed5cf97e'),
    ('e49c8e35-ff96-4850-aff5-19ca9bc1527a', '103b9a98-ca43-4630-a32c-ab80f086d443', 'eaf02bb8-f2a9-4a54-9150-3a5a0676e696'),
    ('814e8f68-928b-4d96-8223-4f3546ccdf3e', '103b9a98-ca43-4630-a32c-ab80f086d443', '490171ee-7a95-41a1-8450-fd2f1cbc006f'),
    ('86cf3b28-29f3-4370-aeea-a9bbaa62f6d1', '103b9a98-ca43-4630-a32c-ab80f086d443', '0199f934-e017-4cd3-8216-65c9e4ca78d2'),
    ('cd2b8241-7479-4606-90bc-94ff1f801806', '103b9a98-ca43-4630-a32c-ab80f086d443', '181cf0ac-aa4b-41e3-bd19-c81d6c72d1a7'),


    ('febfe88f-668f-4249-a8e9-62736ae79f13', 'bf090ca6-bfa0-4fc6-b219-be5506dad7b2', 'ab99b5c4-2ab5-42fb-931b-26e493f66ee7'),
    ('67812123-6c92-423d-b9f4-3789916c5c33', 'bf090ca6-bfa0-4fc6-b219-be5506dad7b2', '0fd9ac3d-a856-4575-8a58-762a4894d903'),
    ('b3043d5a-c4ba-4d95-b79f-d4b696ee0c34', 'bf090ca6-bfa0-4fc6-b219-be5506dad7b2', 'a6a87fe6-618b-4019-a2d9-793066831651'),
    ('6cca20ac-f540-4dec-a0df-110ff4d186e6', 'bf090ca6-bfa0-4fc6-b219-be5506dad7b2', '998d9f5c-6321-4b81-9acd-2e0440013a73'),
    ('50a8cf6b-63fa-4bf7-a016-7cb1b9fc5002', 'bf090ca6-bfa0-4fc6-b219-be5506dad7b2', 'ac52fd5f-88c8-4e8b-8ec9-3d0e7b9315f8'),
    ('0e44c31b-11bd-486c-bdb1-f7300f0720c7', 'bf090ca6-bfa0-4fc6-b219-be5506dad7b2', '159787b4-0b60-4754-8062-f34f3ad98d3a'),
    ('c5cc5371-9174-42cb-91cc-d94c9d990e8c', 'bf090ca6-bfa0-4fc6-b219-be5506dad7b2', 'a28241ec-b078-444a-a454-22b33f4bc9f1'),
    ('0db1083b-171c-4a3d-8d4f-dd7d7b59d54a', 'bf090ca6-bfa0-4fc6-b219-be5506dad7b2', '1cf21320-2af0-40d6-a196-606a19ed382c'),
    ('5202391a-8566-4f86-ab2f-6a6a377df6e4', 'bf090ca6-bfa0-4fc6-b219-be5506dad7b2', 'e2e9661a-5722-43b3-840d-98f066d0edd6'),
    ('25bf2f1e-a8a3-4a33-bc1e-f610e3a76129', 'bf090ca6-bfa0-4fc6-b219-be5506dad7b2', '6fb1df2b-ad5e-4b94-bff2-c52310470b41'),
    ('9a26e0e9-eab7-4ff6-8215-5dc26b10d160', 'bf090ca6-bfa0-4fc6-b219-be5506dad7b2', 'c6f7d78a-4b5e-44d4-b73c-510ac05e3de6'),
    ('c55501ab-746c-428a-890f-ea99f34bcce3', 'bf090ca6-bfa0-4fc6-b219-be5506dad7b2', '687ea42d-4204-4a91-9132-b9cac7c9c1fe'),
    ('38ff5ffd-76e8-4f27-9d98-32e73ea84edf', 'bf090ca6-bfa0-4fc6-b219-be5506dad7b2', '24c9ee9f-320b-4587-8e47-175ce7078596'),
    ('fe474c4a-78af-495c-a184-71fe6aa4cbae', 'bf090ca6-bfa0-4fc6-b219-be5506dad7b2', 'd82d29c5-0b94-4a8e-a3ee-06fc5ee068e4'),
    ('524813bf-1e8c-4aed-bba7-61d8cb955768', 'bf090ca6-bfa0-4fc6-b219-be5506dad7b2', '109df7b5-d0fb-4422-bec3-1fbc3477d251'),
    ('5c199732-c95f-4343-adf9-7ff37b63ed97', 'bf090ca6-bfa0-4fc6-b219-be5506dad7b2', '988dfaa8-f8a3-4321-8966-3d42619531ac'),

    ('d8f3af23-274c-468c-aa25-0f1081c25deb', '53bdd692-bcbc-4e47-ad90-b1d47dfcfd55', '085176d9-b4f2-4655-afb3-e6a89dad5d6f'),
    ('f5a27dd6-69a5-431d-9835-66b971e6a083', '53bdd692-bcbc-4e47-ad90-b1d47dfcfd55', '99160967-f694-440a-80b4-3c0328215618'),
    ('550ea253-a2a7-49b4-9b24-fc9e10382100', '53bdd692-bcbc-4e47-ad90-b1d47dfcfd55', 'b46f52f9-cd81-4f1c-8fa4-6bf70041a94b'),
    ('a0835954-868d-42de-b6fd-b38983a96bf8', '53bdd692-bcbc-4e47-ad90-b1d47dfcfd55', '357c16b0-7c84-4d74-98fa-8a3f23889dc8'),
    ('8afff0e9-03a2-4d54-a47c-2b108b601dce', '53bdd692-bcbc-4e47-ad90-b1d47dfcfd55', 'eca73c83-b96d-4e1f-8382-5f44199a9c25'),
    ('ac479b4e-f27f-4cea-b284-343ff63a9ceb', '53bdd692-bcbc-4e47-ad90-b1d47dfcfd55', '47b00421-a7b5-4341-a2cd-4fa83413bd51'),
    ('853ef29f-cc8f-418d-97c5-fd6ad6b63525', '53bdd692-bcbc-4e47-ad90-b1d47dfcfd55', 'a3cbdba3-900a-44a4-8c8e-8be06aca573c'),
    ('00166d64-184b-4961-9964-a02daad93432', '53bdd692-bcbc-4e47-ad90-b1d47dfcfd55', '76fa585f-53d3-4a65-ac74-1ecd0a944a2e'),
    ('f66c3559-246a-4f4b-be32-71b02cc1c686', '53bdd692-bcbc-4e47-ad90-b1d47dfcfd55', 'd64d6bfb-3e65-4d19-837f-510222876375'),
    ('15678fb0-d9d7-41b9-8b7b-6b03842c1002', '53bdd692-bcbc-4e47-ad90-b1d47dfcfd55', 'e470772f-e6f6-4d2c-8716-307570486c39'),
    ('0b02ee42-46e4-4e75-8ebc-de64ae84143d', '53bdd692-bcbc-4e47-ad90-b1d47dfcfd55', '913987b3-728b-486e-9699-bef3ada869be'),
    ('433fba4a-63fd-4fd5-96f6-818360633f4e', '53bdd692-bcbc-4e47-ad90-b1d47dfcfd55', 'c6266bd7-7c38-4094-ada9-8adba87fd3c0'),
    ('e47b8bcc-8719-4f65-9e6c-741d58170f33', '53bdd692-bcbc-4e47-ad90-b1d47dfcfd55', 'a9ead8db-6b53-4da9-85bd-61341833e71c'),
    ('8730fbca-3aa6-438a-9026-d841ab30a9b9', '53bdd692-bcbc-4e47-ad90-b1d47dfcfd55', '22faa139-b257-4f87-a4d1-386a1e09a0a7'),

    ('0d459d10-3537-438f-a5ec-c80577982763', 'b18d6958-d623-4ee0-b088-67556c68da01', '08a608aa-d670-424d-a44c-74ea0726ec8b'),
    ('7db55098-ceaa-4450-a4a4-4335f409f660', 'b18d6958-d623-4ee0-b088-67556c68da01', '9e7446a8-8623-41e5-b166-b75c01ad3390'),
    ('881fbdc4-55a5-4f9b-9264-c94918c5d2db', 'b18d6958-d623-4ee0-b088-67556c68da01', 'a8e24cc7-26bb-4f4b-95e1-30889cd889c2'),
    ('d3bf0b2c-6203-4304-8e24-44346b578b0b', 'b18d6958-d623-4ee0-b088-67556c68da01', '46c9405f-2542-4eba-94ac-8f0ae14ed0d4'),
    ('590163ec-fc71-42c8-b111-b21d81e28db1', 'b18d6958-d623-4ee0-b088-67556c68da01', '42c9d415-1867-43f8-8568-31a24165f629'),
    ('297afb9f-f1dd-42fe-a482-e93dccddfaa3', 'b18d6958-d623-4ee0-b088-67556c68da01', '43ac66ee-733c-4d1c-8a37-8b64fe03225a'),
    ('0065a11a-d3f1-49ba-8214-d622d9497580', 'b18d6958-d623-4ee0-b088-67556c68da01', '08fae408-953d-4ad1-80e1-15bae991df5b'),
    ('4a434bab-6912-4fe1-8353-41850c115047', 'b18d6958-d623-4ee0-b088-67556c68da01', 'd7d419d4-17c7-4d41-b7dc-c3c68247bf06'),
    ('7605ce5a-ab26-4dae-a8de-0b890f6e489f', 'b18d6958-d623-4ee0-b088-67556c68da01', '024e3d25-da68-4bc3-8329-c837a75aeddd'),
    ('1864c2ba-d92c-48d9-9591-e47f1710ad71', 'b18d6958-d623-4ee0-b088-67556c68da01', '0bd0ee70-bcba-4563-9689-f2320eafc42c'),
    ('d433cf0b-917d-4e7b-81e0-00a15a4b609c', 'b18d6958-d623-4ee0-b088-67556c68da01', 'f985cecf-f959-4ce0-8f1f-44b3c0c3bf6a'),
    ('56e783b6-45b9-47de-aa09-b8abd7202d53', 'b18d6958-d623-4ee0-b088-67556c68da01', 'b6f1027e-a558-43eb-8d52-86e00102c9e5'),
    ('43544d02-d271-4fd5-8bf9-ed74cb942ff1', 'b18d6958-d623-4ee0-b088-67556c68da01', '85c472db-f2f5-4d80-aa0d-cfd168d2ffe9'),
    ('c26f7e08-4380-4a00-91b4-97c0c10c8e0a', 'b18d6958-d623-4ee0-b088-67556c68da01', '84ef5f01-6b07-4d2e-afd2-f98a2bc5c786'),
    ('f8da3c44-fefd-48a4-b744-e6042a71b082', 'b18d6958-d623-4ee0-b088-67556c68da01', 'b2294346-e5bb-46d2-8ca0-5da941683060'),
    ('ea078bb0-592f-45a5-a9aa-e7bcfee6b93f', 'b18d6958-d623-4ee0-b088-67556c68da01', '4e633788-bef6-47ce-8db3-69e6ce87571b'),
    ('d574e5ec-441c-4ebb-8a56-b84ccc844185', 'b18d6958-d623-4ee0-b088-67556c68da01', '5b7aa019-f6d7-4a11-91b8-cb14227015a7'),

    ('d5e382ed-9eb6-46ef-8774-2b813975e6ce', 'f98a21e7-fef2-483e-8962-64ce83fe1eab', 'b0805a23-a9ae-44d4-878f-6183cd64e517'),
    ('539a40ba-3b5d-420c-b4d5-800edf9f71ad', 'f98a21e7-fef2-483e-8962-64ce83fe1eab', '2995981d-752d-4c03-833f-cf1ecb4d0a8e'),
    ('70cfa307-0f16-4d9c-b93e-d56b68036833', 'f98a21e7-fef2-483e-8962-64ce83fe1eab', '51e6d2c6-022c-4888-859e-060bd02ff18f'),
    ('a28cf474-493d-42bc-95d0-2ecbe1f51b92', 'f98a21e7-fef2-483e-8962-64ce83fe1eab', '3f49ec86-0e8b-4aca-859d-83054849e346'),
    ('d7385442-fcb1-4354-9397-ad88765bc401', 'f98a21e7-fef2-483e-8962-64ce83fe1eab', 'e7a8f58f-de2d-4a02-beb8-b951818d0ac2'),
    ('aaa6fbec-f3d2-4d48-8ace-48a4744ad52a', 'f98a21e7-fef2-483e-8962-64ce83fe1eab', '57c6bcf8-251a-4d9a-9b4b-0e266c2e35c8'),
    ('cc14a2ac-4894-4e46-9755-4006795a3776', 'f98a21e7-fef2-483e-8962-64ce83fe1eab', '81db19e2-771d-4c01-8854-a9e3ed6fd140'),
    ('fcc97040-5ebd-48b1-a369-106261656d26', 'f98a21e7-fef2-483e-8962-64ce83fe1eab', 'b2f87b24-dcb4-48c5-bedf-fd20735a8f59');

--rollback DELETE FROM methodologies.scalequestion
--rollback WHERE id IN (
--rollback   'afdad6e3-32be-4c3e-8cf5-8169cc364df4',
--rollback   '482e112a-7d4f-412c-981b-12470c2c0363',
--rollback   '6ea7df11-c8e0-4056-abb3-4ef0bbf41cad',
--rollback   '3649cfb0-a383-4118-b774-5546c155bb08',
--rollback   '4c607e4c-ef7d-4648-a687-76120c01f63d',
--rollback   '48e7a46a-b8cc-4d5f-b7ed-ac20a0f48fbf',
--rollback   '1c55c619-8745-45e6-8490-c78191831d4a',
--rollback   '4aafecf6-a380-4367-b993-11ec127a8225',
--rollback   '5cddf830-0cf9-4018-98fe-0d8ab1c190ad',
--rollback   '50d9f263-026f-40d5-ab2e-bd1d37f0e948',
--rollback   '32deb911-55c9-411a-88d3-78413e1d08b8',
--rollback   '201bef78-42f4-46c2-a040-b137542b2db0',
--rollback   '081a7240-70bc-4b75-ac6b-068fd4279294',
--rollback   'c125a44e-68da-46b9-96b0-e6d6bedb3833',
--rollback   'b5cb313f-9218-48b4-a0c3-9ae181cdd27d',
--rollback   '467564d9-8ea9-4004-9400-62d01e066458',
--rollback   '883e7cdd-d3db-4a84-83df-33fd1a191348',
--rollback   '75ad14db-9f28-4c03-97fe-86cce3175e07',
--rollback   '84a8e877-1f2e-4ba8-9e52-9bdc6303e759',
--rollback   '105ee6d8-7682-490a-9ccb-5de40c918738',
--rollback   '62587914-f794-439b-80bb-676418b045eb',
--rollback   '03efcb78-c3b2-496a-8141-cb1edf4ddbe4',
--rollback   '1082ae1f-47c3-4e7c-9969-090995cf9d2c',
--rollback   'c34f0f36-01b0-47ed-be04-7e4ec1bbcc4d',
--rollback   '5f49689e-5c26-4d4c-ac54-addf83a3e007',
--rollback   '808eb6e8-87f7-4ef9-b9fb-f06f96671464',
--rollback   '528cbdf6-9dc2-43fd-a0ba-be539b3ad8a5',
--rollback   '0828aed9-4e21-4c08-9166-13e3d7ef6c91',
--rollback   '8797fefa-b0a9-4cc9-bbe9-8cb0cb1fc2ea',
--rollback   '4683419b-7e44-453a-91a5-21cb271962d7',
--rollback   'bb1ff206-6afb-4493-9394-7a7371eefd64',
--rollback   '4fcf60a3-c402-4ae5-9226-20b5b7b1f94a',
--rollback   '1c8ae586-d881-49e8-917f-5a58be07b4ad',
--rollback   'a3fb064d-a131-46bc-a6fc-04f6c00e9d73',
--rollback   '8920b302-33f7-4e63-a593-a49197b46a2f',
--rollback   '9f621d15-5519-4536-913b-7a0103cdaa65',
--rollback   'b2be1188-df56-413b-b9fc-10584302dc33',
--rollback   '967c6ede-d714-416e-906b-0a3fe3f172ef',
--rollback   '80fad3fe-879c-4535-bca4-09834d5c2317',
--rollback   '5bba3dd2-6b42-48b6-9540-d5b43cc23ce2',
--rollback   '6af5af81-4256-4474-baa0-5f5839e1d145',
--rollback   '8382ec7e-5ee6-4b8a-8290-1e01da337a44',
--rollback   '8dc50f17-65a3-4af3-be42-dbc26750c281',
--rollback   'f9210bdc-426d-4808-aa2e-b89fa5e52136',
--rollback   '40da75c1-1743-4c71-b010-e2ede015d5b2',
--rollback   '265bb284-759b-4a64-9cf1-87b804389855',
--rollback   '652336ae-1765-47f6-9174-1a7c05f7c6fe',
--rollback   '9a8e77d2-d3e6-4c88-8639-25e990dee92b',
--rollback   'e5109562-849e-40d0-a7ab-dc6e2eb71d55',
--rollback   '5ae83994-68bb-4c10-9797-b967e2cfdbcf',
--rollback   'ff2e441f-60a5-4b4a-b7ea-4f0837748ff9',
--rollback   '9e4fa819-0a54-442a-9fbd-3d3e59dd1619',
--rollback   'bffe8a60-cfd8-44e6-8bd7-5b2048e61441',
--rollback   '4f01dbfb-11d1-4767-80c5-ca64680e3f98',
--rollback   'd5b55ab5-1eef-48a9-baad-571a0a5d47fd',
--rollback   'f2d19a3d-746a-48af-8765-584f40f837f1',
--rollback   'e49c8e35-ff96-4850-aff5-19ca9bc1527a',
--rollback   '814e8f68-928b-4d96-8223-4f3546ccdf3e',
--rollback   '86cf3b28-29f3-4370-aeea-a9bbaa62f6d1',
--rollback   'cd2b8241-7479-4606-90bc-94ff1f801806',
--rollback   'febfe88f-668f-4249-a8e9-62736ae79f13',
--rollback   '67812123-6c92-423d-b9f4-3789916c5c33',
--rollback   'b3043d5a-c4ba-4d95-b79f-d4b696ee0c34',
--rollback   '6cca20ac-f540-4dec-a0df-110ff4d186e6',
--rollback   '50a8cf6b-63fa-4bf7-a016-7cb1b9fc5002',
--rollback   '0e44c31b-11bd-486c-bdb1-f7300f0720c7',
--rollback   'c5cc5371-9174-42cb-91cc-d94c9d990e8c',
--rollback   '0db1083b-171c-4a3d-8d4f-dd7d7b59d54a',
--rollback   '5202391a-8566-4f86-ab2f-6a6a377df6e4',
--rollback   '25bf2f1e-a8a3-4a33-bc1e-f610e3a76129',
--rollback   '9a26e0e9-eab7-4ff6-8215-5dc26b10d160',
--rollback   'c55501ab-746c-428a-890f-ea99f34bcce3',
--rollback   '38ff5ffd-76e8-4f27-9d98-32e73ea84edf',
--rollback   'fe474c4a-78af-495c-a184-71fe6aa4cbae',
--rollback   '524813bf-1e8c-4aed-bba7-61d8cb955768',
--rollback   '5c199732-c95f-4343-adf9-7ff37b63ed97',
--rollback   'd8f3af23-274c-468c-aa25-0f1081c25deb',
--rollback   'f5a27dd6-69a5-431d-9835-66b971e6a083',
--rollback   '550ea253-a2a7-49b4-9b24-fc9e10382100',
--rollback   'a0835954-868d-42de-b6fd-b38983a96bf8',
--rollback   '8afff0e9-03a2-4d54-a47c-2b108b601dce',
--rollback   'ac479b4e-f27f-4cea-b284-343ff63a9ceb',
--rollback   '853ef29f-cc8f-418d-97c5-fd6ad6b63525',
--rollback   '00166d64-184b-4961-9964-a02daad93432',
--rollback   'f66c3559-246a-4f4b-be32-71b02cc1c686',
--rollback   '15678fb0-d9d7-41b9-8b7b-6b03842c1002',
--rollback   '0b02ee42-46e4-4e75-8ebc-de64ae84143d',
--rollback   '433fba4a-63fd-4fd5-96f6-818360633f4e',
--rollback   'e47b8bcc-8719-4f65-9e6c-741d58170f33',
--rollback   '8730fbca-3aa6-438a-9026-d841ab30a9b9',
--rollback   '0d459d10-3537-438f-a5ec-c80577982763',
--rollback   '7db55098-ceaa-4450-a4a4-4335f409f660',
--rollback   '881fbdc4-55a5-4f9b-9264-c94918c5d2db',
--rollback   'd3bf0b2c-6203-4304-8e24-44346b578b0b',
--rollback   '590163ec-fc71-42c8-b111-b21d81e28db1',
--rollback   '297afb9f-f1dd-42fe-a482-e93dccddfaa3',
--rollback   '0065a11a-d3f1-49ba-8214-d622d9497580',
--rollback   '4a434bab-6912-4fe1-8353-41850c115047',
--rollback   '7605ce5a-ab26-4dae-a8de-0b890f6e489f',
--rollback   '1864c2ba-d92c-48d9-9591-e47f1710ad71',
--rollback   'd433cf0b-917d-4e7b-81e0-00a15a4b609c',
--rollback   '56e783b6-45b9-47de-aa09-b8abd7202d53',
--rollback   '43544d02-d271-4fd5-8bf9-ed74cb942ff1',
--rollback   'c26f7e08-4380-4a00-91b4-97c0c10c8e0a',
--rollback   'f8da3c44-fefd-48a4-b744-e6042a71b082',
--rollback   'ea078bb0-592f-45a5-a9aa-e7bcfee6b93f',
--rollback   'd574e5ec-441c-4ebb-8a56-b84ccc844185',
--rollback   'd5e382ed-9eb6-46ef-8774-2b813975e6ce',
--rollback   '539a40ba-3b5d-420c-b4d5-800edf9f71ad',
--rollback   '70cfa307-0f16-4d9c-b93e-d56b68036833',
--rollback   'a28cf474-493d-42bc-95d0-2ecbe1f51b92',
--rollback   'd7385442-fcb1-4354-9397-ad88765bc401',
--rollback   'aaa6fbec-f3d2-4d48-8ace-48a4744ad52a',
--rollback   'cc14a2ac-4894-4e46-9755-4006795a3776',
--rollback   'fcc97040-5ebd-48b1-a369-106261656d26'
--rollback   );
--rollback DELETE FROM tests.answeroption
--rollback WHERE id IN (
--rollback   '14a5e4ce-433a-4e13-95e0-ae87e68390e0',
--rollback   '11215baf-848f-4f34-8a35-7234edf201e0',
--rollback   'e6744ec7-6130-4c5a-9b66-5c55f55301b2',
--rollback   '040d6647-b710-49f9-8d87-62e388c67065',
--rollback   '667dbb15-2c9c-432e-872b-18b6296a911a',
--rollback   '6f0cb2a2-d4a0-4187-a881-e46c91edb06d',
--rollback   'cbef61a9-1f25-410b-a5cc-a94c354895fb',
--rollback   'c6dc32da-f653-49a6-9da4-cf3a9b636ee6',
--rollback   'b19ecfbf-0a5e-4676-a561-7970f7558528',
--rollback   '6f4de968-d99e-45d9-ba61-fb291525b165',
--rollback   'cc1f33e7-ab19-4634-9f26-944f7588a1ff',
--rollback   '634b9405-1b91-43c0-a917-d2e890c6712f',
--rollback   '72055f83-b842-4369-99af-f8f9161caed2',
--rollback   '11bf6b62-375b-4c97-9ee5-f647c7ff5750',
--rollback   '3f5678ee-f011-4c9d-a7fc-0ad16ae02f9b',
--rollback   '86f7d52c-54e4-4b1a-8097-fb22c6f8ca34',
--rollback   '919f32cf-ba54-4a8f-a5bc-9b643ac0f558',
--rollback   '8fd3bbc0-2fbf-488a-87dd-8b9197d09b1a',
--rollback   '25c87e9d-1ea7-438e-beae-0bbabcdf3665',
--rollback   '91fe74dc-d43e-40bb-954c-5db4bd8374c7',
--rollback   'e40f6f1a-0002-4260-9106-bfae37c9a450',
--rollback   'b82943c9-31c5-42e8-99f5-fcef506cccd8',
--rollback   'd2a527e9-25e5-46da-8be3-605249d9e802',
--rollback   '6ed9deb2-83ba-47f4-ace0-fdaf399570eb',
--rollback   '54142248-95eb-4aa6-99e7-ab3bfbdc4461',
--rollback   'e1159266-d92d-4790-9eee-0e8e1a1993d5',
--rollback   'e86554f3-1572-48e2-afbb-fa81e2222dfc',
--rollback   'cdc225e1-d537-459e-a1ab-266deaa490c9',
--rollback   '48d17e81-ee71-4cbc-80e3-299e7ec603ca',
--rollback   '959409da-3e72-48e9-9943-3675a2a20f3f',
--rollback   '0f30ad11-284d-4c99-b5bf-b3bff63d7849',
--rollback   '2e08d60b-8fc9-461e-baee-2e272ecb3f8e',
--rollback   '02d7b2fb-093d-4c45-8467-4e148f6ffbc6',
--rollback   '6b19b9e9-64d6-4b6e-ae53-4d177e608b6e',
--rollback   'e85534e2-2ec7-4a59-9ebe-24b009b22a63',
--rollback   '2bd785b1-8514-43c6-a00b-9b016ed04ec0',
--rollback   '3e42fcac-3cec-4a67-b450-fa9fba0c5595',
--rollback   '31e61383-e6ca-41e9-9a3c-aff4c20e3356',
--rollback   'caebfbd6-0472-4d8e-92bb-a04a8c1f39af',
--rollback   '72b1ca31-136b-4a0d-8a7d-e25aaa5042cf',
--rollback   '4fd469a0-dacb-44cf-ae14-ea37331def71',
--rollback   '8c076a16-2975-4f8f-8d0b-b8e7da31ffd8',
--rollback   'a3c1320e-99fe-4888-a5e3-e2ff15b166de',
--rollback   'c6182af9-bf04-4dc3-ae30-20b7d22fc4ae',
--rollback   'e5802dc9-1fd6-4e9f-9021-ade003156324',
--rollback   'e2b19f39-7bd3-480e-8f62-bac495949b99',
--rollback   'd5538c35-e539-4857-aeba-0858c4d62ab7',
--rollback   '0d95ae12-174c-43da-84b8-8ecc5ced6e6b',
--rollback   '2bacd270-f3c3-4f60-86ad-6fdb3bc0bf9a',
--rollback   'c14ec8a5-2c8b-4b83-b617-0777ebc40863',
--rollback   'd669f723-7e1e-4b19-823b-1eed1c4df355',
--rollback   'd3660ef1-e32a-43e7-9d7c-9584fbb90ad3',
--rollback   '2cbb73a7-5bcb-4add-8e68-d4e855db98d2',
--rollback   'd5ab1ca5-1b69-4008-a7df-cabae7ab2f30',
--rollback   'a9d81c98-92a6-4005-a9e7-bcbbf0e96467',
--rollback   'f6c195cc-3974-4159-b6fb-f39cb810cea3',
--rollback   '8a045b24-b159-4f1d-829c-b9b6e97bd1f4',
--rollback   'f95c7813-7c5c-4598-a556-5749a7c472d0',
--rollback   'c9fe8313-872d-45df-bdb5-0d8240538314',
--rollback   '8074f5f2-a53f-40b5-aa73-f70f324801c5',
--rollback   '728f09f9-673c-4f96-874c-717331083d49',
--rollback   'c6263380-a44d-4a85-b424-b7beb76773dc',
--rollback   '413da807-6593-42a0-9374-3741b1f12691',
--rollback   'e89f2e59-1d73-435c-9798-e5ce7b873e60',
--rollback   'f5dc8046-c4dc-43ab-9494-223c3ac29117',
--rollback   '1843f148-63ba-493c-9406-2ffbf687d434',
--rollback   'a5baa86f-bf00-401f-862a-938f3de06b82',
--rollback   '581cbded-7ebc-4160-9bc4-62cf1fdd0e6b',
--rollback   'b090bb2e-6cc7-416c-9521-eb58924e2958',
--rollback   '973e2bac-5cf3-4f20-ac1a-5e32130a5ce7',
--rollback   'd3582fd8-97b0-40ea-958d-469f4f3f85f7',
--rollback   'ef844eff-d545-4df6-8d9d-49104c052760',
--rollback   '159aede1-c647-4311-b5d8-e7d5a9b136af',
--rollback   '96601e5c-9a80-42de-ad0d-6105f4d89bcf',
--rollback   'e567dd6b-d431-4bb1-b911-bbc9ccef0b3d',
--rollback   '7607baf4-d63c-4c98-be5e-7b4c3c33c1d4',
--rollback   '5957f176-f0be-420d-8d99-9ef255cae8db',
--rollback   '3000bf97-d3ed-4179-b3db-e40c1e8c8549',
--rollback   '2381a799-83f8-4b68-9c01-de818e201d44',
--rollback   '450e5253-b305-4758-a62b-4758aa11fab8',
--rollback   '265c2313-2aae-4873-89f1-98f0b38dbb7b',
--rollback   'd1043b80-0bd0-4a47-9897-2e0f3a15c765',
--rollback   'a7f27e8f-04b6-4c9d-80ce-d8425aab62c2',
--rollback   'c90b9831-7ce8-4f08-88c8-3b4b95a4d8f1',
--rollback   '8cd63ee5-131f-4cf6-8b34-b7419c6b28bb',
--rollback   '23a266a2-bc19-4e83-a892-6bc6ab1c2c99',
--rollback   'df89c559-ab43-4712-869b-81a6591381d5',
--rollback   '9a6404cc-c195-4c70-95ae-354655b0dc43',
--rollback   'efdf4e2f-9273-4e18-a886-00e5ec5773d0',
--rollback   '5bbffe24-6b70-44ca-84a2-2f480c09688f',
--rollback   '2f0d339f-37dc-49db-9324-b336a088cffb',
--rollback   '58644fd5-7d91-400f-be34-1542c57ff43f',
--rollback   '23b8c979-c0e3-4598-9556-cc1b878a20a9',
--rollback   '0abe3e70-3759-4b68-97b3-6bde5b36e703',
--rollback   'fe80bb3d-977a-4304-a3fc-8bb99ce92837',
--rollback   '008d5863-ed76-4767-b36c-b3fc95f088f2',
--rollback   'c04c4146-0832-4a50-8523-95f27fd422a5',
--rollback   '0b2b0012-9329-4401-ba2f-9b2b758db735',
--rollback   'f5dc0fe2-8f76-4c70-aa9e-8869b3ab3c77',
--rollback   '6133f140-f7cc-4263-8296-32aa08a77546',
--rollback   '6bd7fe74-5f69-403e-a1b5-0bc741dc6bee',
--rollback   'cbaafbe7-03e0-4cc6-82ac-be66561067e5',
--rollback   '8cde8880-228d-4c73-8382-a23f2ff29828',
--rollback   'd7c8571c-8ad4-4c3c-9f2e-d9e253b4596e',
--rollback   'd8d5efe8-29ec-4414-b1ac-64d9eaa5386c',
--rollback   '9ddab39b-2f34-4f34-b1a2-2b49441bf2d5',
--rollback   'ac1dfded-56e5-4860-9000-76f4e67a4ffa',
--rollback   'c6503fa4-820c-462b-bcac-ee40f14441a1',
--rollback   '04f6ff86-e444-4282-a978-d8a6c52ab343',
--rollback   'd9c09e15-ecfb-47d1-a5b1-6033fd595e5a',
--rollback   'bb754e51-1115-4e1a-b2ff-5ac83bdc0973',
--rollback   'aec5d5a8-f563-4a88-a0ff-c56fca61eb8a',
--rollback   'e9592d66-86b8-419d-9a94-ef4b44bbd1bc',
--rollback   'd94be4b1-f0a1-48b9-a0bf-3369245373c3',
--rollback   '24eadbf9-7337-4cee-b880-ac656371c1d3',
--rollback   '93c03bb4-22db-4f47-a131-6b3f9dc9c386',
--rollback   '0191e866-9585-4b5c-a09c-6c2c3ee58cee',
--rollback   '122516f2-d293-425e-843c-c60646807bff',
--rollback   'dd2915d0-426e-4f6e-8671-92e5b80f31e3',
--rollback   '9e6e98aa-61c4-40fc-8664-006391bb9408',
--rollback   '88783a4c-ce4d-4fb6-aadc-fab41db2715a',
--rollback   '3b7a378a-74d9-4155-a38e-ce1c559ff38d',
--rollback   '1da27f7e-a694-46ab-a727-ef257b605369',
--rollback   '82cc136a-5b19-4aa8-bde5-2c2886cf240d',
--rollback   '1bbfca5e-65f7-4dc7-bbaf-f7b293ef8ddf',
--rollback   '95060c8b-8400-4900-a700-4cb53b48b2d3',
--rollback   'db26bbe5-bdc2-4b81-90c8-74a9f17dc950',
--rollback   '27a4c886-91ef-4db4-8fd8-d5b3bb37c69f',
--rollback   '2f6b6849-15bd-4dbd-b147-9c1d58673087',
--rollback   '4dfbf89e-9677-4144-b7bf-256812272fa0',
--rollback   '4a035463-76ca-44a5-b7a3-08ebef81cea6',
--rollback   'fefccf47-0ab4-4135-9956-e6b948617e4d',
--rollback   '1c7233e0-8415-44dd-9f44-67969693b3df',
--rollback   'eb39eefc-7cca-4ed5-a1c2-234a48d4b748',
--rollback   '35b3d9e9-c757-4960-8bc4-9241811ec40f',
--rollback   'a6a01452-ccb3-4755-b32c-ef12c05691cd',
--rollback   'c0e5d8fa-ce81-41c6-8998-809a7fddfc26',
--rollback   'e6f13f6b-b314-4268-b32f-79626fe1ae51',
--rollback   '5267ca76-0f6d-43de-aca0-1b2d69cad84a',
--rollback   '1da1b1af-7f0a-4fb2-9d02-c4342384eaf8',
--rollback   '036944f4-74d9-4e74-8822-7100eef7a67c',
--rollback   '52466645-a322-47fa-90c2-b61f5ca15d83',
--rollback   'fd8d40cd-b823-4f5f-8a01-4abc0452f4d2',
--rollback   '88f6db25-837d-40b3-845b-788ea111a073',
--rollback   'c008ae77-3ce2-4c23-b489-d33cc3d3c7a4',
--rollback   'c8ef8e69-164d-4632-9701-45c7b001a4b4',
--rollback   'b75a0c4e-a5e9-4940-bc3f-e36fe3168d64',
--rollback   '2a8954c9-eae4-4d6a-b154-1f8f201c7833',
--rollback   'afc252f8-78ee-436c-aa52-96f1611b6cff',
--rollback   'd2071caa-870d-4829-a61a-55939971ecc9',
--rollback   '58ec53bc-191e-46bf-b616-3335aeb5b855',
--rollback   '1d7f2bfb-364f-42cf-9621-f50b1ccb1933',
--rollback   'd4cb5d83-c03d-4468-a178-431bdaf4b98b',
--rollback   '18520e2b-98ad-4102-a961-0056b3bc99f6',
--rollback   'ccc4917e-5b4f-465b-aabb-3b1f680f2eeb',
--rollback   'b992e318-93ee-4f22-a392-aaf1e7bee15b',
--rollback   'a33a5f4e-c2bb-4a41-beb8-17a69a924e38',
--rollback   '5a9bbe1a-ee2c-4ec2-aa80-9e1e1d0dd5c9',
--rollback   'd755f92b-75dc-416e-a04c-6dfc4b980078',
--rollback   'ae9b6eb5-0443-4e12-8fa4-12ff7d556df9',
--rollback   '09c6462d-b0b4-415d-a009-9bec12005218',
--rollback   '7bf7043d-839f-4bf9-9a6f-847b8e1047ca',
--rollback   'ab98ce3e-d26f-4f54-979c-d2215f5fa143',
--rollback   '7ffbe0b9-be95-4a82-adee-98ad07c9aaeb',
--rollback   '4b0a9165-15bc-466c-a96c-8b07478f0b52',
--rollback   'e8bed8ef-2a0a-478d-8c68-4f1500b29684',
--rollback   '1aa14313-5ad5-4c38-9377-5f0a6672b99e',
--rollback   '372ffb47-10bf-4687-bbd4-5ee10c7a2301',
--rollback   '233623a2-557f-4f73-bd22-9564c99fdee6',
--rollback   '142087c5-d561-493f-922d-1332ffb2c33c',
--rollback   '2850a1b7-f42d-4c56-aa41-a0b6f629f5f0',
--rollback   '8c107ce9-5360-4db9-a66b-0ff18b4818dc',
--rollback   'b20e6c49-6be7-481d-b0ee-85325f8c7313',
--rollback   'ac04f8c0-efac-4bb6-8b3d-8f381884bb2e',
--rollback   '4e41959c-a430-43bb-b87d-8a823612a863',
--rollback   'edc1e5ee-0abc-4869-b233-64ea924c5c23',
--rollback   '1993cff5-3ed5-4658-870c-9e199bd84632',
--rollback   '6adf5863-2fb9-4aa6-a00f-35f180df59c4',
--rollback   'bc16b114-abab-42e1-84d7-f890e7727b73',
--rollback   '707a8bac-88b2-4791-b8b9-75961a597f9c',
--rollback   'b99be620-03cb-47d3-b4df-0947e28c1921',
--rollback   'bb62e68f-c0a0-4d3e-b886-ac03c29a2532',
--rollback   'c291919e-b88f-4e3a-8f9e-acc49af5836f',
--rollback   'cb2f1e78-aa03-4353-aecb-a33b23ab7d3f',
--rollback   'ea2dea0e-b3d0-4fac-b8a2-4295f0efd961',
--rollback   '6f41c4e4-f3b8-43c1-a791-db0955ec3f12',
--rollback   'd51b47b6-484b-4d77-8f41-0dbd740a4f33',
--rollback   '88fce4c9-0431-49e5-9299-151edefdb350',
--rollback   '60c3f44f-cdd5-45b9-ac1c-714df11134c1',
--rollback   '181b4c2a-49bc-4c1d-b306-07eb37f421e7',
--rollback   '6bcf0aa1-6a7c-482a-85b7-6d76de7ff2ab',
--rollback   'de2b30c5-608f-4cf4-bf40-6d81f67623d3',
--rollback   'fd75cb86-dd36-4967-9e07-03d0ed6e099a',
--rollback   '975bd6d9-2e2a-4a81-95ae-45e385a2e40c',
--rollback   'c2bbadd9-964b-4e9f-a9e2-5f34fd289a58',
--rollback   '484eceeb-5930-4e4b-a9f6-fe7483586b37',
--rollback   '44b06c1c-11c2-4236-af93-40dd4a15d395',
--rollback   'adb95901-860e-461a-84eb-454628d0b0a5',
--rollback   'd7c305f0-047b-4f54-baee-4145966a2faf',
--rollback   '7a5b0ad3-1ec0-42af-b7d0-c2774abc7fde',
--rollback   '1626ca0c-72fb-487a-b95c-e634f3f9d833',
--rollback   'ccd4fd50-9855-472c-b82c-6422105aa1ff',
--rollback   '83a9ced4-2293-48a1-af70-cbf352ede811',
--rollback   '9eca9b56-b7d9-4e0d-9f11-8fd54a26e72f',
--rollback   'd2d7d4d2-35d1-4d37-bcb9-9443ffef380f',
--rollback   '0b299a3f-09ae-4470-a7ab-6af39b527f53',
--rollback   '9250dcc1-445b-4e9b-bf0e-5b88924ffa8e',
--rollback   '13b856fa-2aa9-4e35-aa7a-23c7680ff101',
--rollback   'ac8bd3d7-2172-414c-bc80-c1549e866a62',
--rollback   '7a272adb-1805-4efc-91bf-758bc93ef128',
--rollback   '0cde1a03-c57d-432d-8f5e-7e4cce3615a4',
--rollback   '8ea838cb-d301-46bd-a203-43bd5cad33f9',
--rollback   'e737bec0-c9a5-4988-8136-1201224b5b2c',
--rollback   '30571296-7930-45aa-a40e-2e494819005f',
--rollback   'f88bf817-cfac-4e21-8ad5-28bf59d4a8d7',
--rollback   'dbc8dd09-869f-4505-8ac0-84e6d4f91ff4',
--rollback   'ba21a092-07b9-4cd6-9314-aedb659a5f05',
--rollback   '76a61b39-f6da-4736-838e-f009e100490f',
--rollback   'e09bd77d-333b-4a1e-872f-843c426800db',
--rollback   'fbb2e686-fbc5-4d69-8bb6-379adfc96109',
--rollback   'bcdb6a38-6f23-4de1-941c-bf63817b7c79',
--rollback   'e3e112e4-d639-48fa-89ff-4ce583d95524',
--rollback   '5a49a596-cfb8-46dc-a78e-0bee44437ff7',
--rollback   'ec74a784-d437-4663-a85f-4efc2af7f15b',
--rollback   '6e7e630d-537d-497e-9367-ed225e47bb86',
--rollback   '13e3e5f4-1b90-4a7c-a3f4-3e87a24460b3',
--rollback   '53a258ac-a199-4e5f-8241-337993d1bf1e',
--rollback   '20152ad5-7b14-4c2a-a774-14348ae72896',
--rollback   'c7098a10-a52a-47ff-88bf-e04c25ce4ce6',
--rollback   '592b94c0-1920-4c90-af7c-2fd4dad56cae',
--rollback   'dc0411a7-91da-482d-93ad-613c929c58ef',
--rollback   '41103b22-2132-489a-b0d2-5217c4f53b75',
--rollback   'cf1dfcbb-53bf-4464-8e7e-8bb57ef66841',
--rollback   'bc4314d2-e93e-474f-bec4-c5e514bf1274',
--rollback   'ce06f743-cdd7-422c-985c-07df055d71f0',
--rollback   'e31fd47e-bffe-4fb7-b078-164e85b774d2',
--rollback   'c25dcbd9-5b1a-4486-9db7-920b867e2416',
--rollback   '6ff08cd5-4313-4bba-a3d4-4fbb8070dc22',
--rollback   '39f9c680-abb8-4f57-9604-19a2d872beaf',
--rollback   'b4d0bc5e-4261-4e68-9145-7950e6e906c0',
--rollback   '234a89b7-08f9-4d78-b2e8-af34cdbf1b57',
--rollback   'bda37cc4-7c97-404a-99f3-6288e5b7e197',
--rollback   '916734ee-5446-42ab-9ff8-60ebd1ad9af6',
--rollback   '89c71f77-8051-4a0e-834b-2d16da0dd663',
--rollback   '43cca2ce-d9b0-4645-a7d0-1dab8632fab2',
--rollback   '55072976-bd42-42ad-8799-3188265fb577',
--rollback   '49b5d008-9cc7-4ec0-9173-738aa4fd2d7c',
--rollback   'e4f87178-c472-450a-b585-a394aed76fb0',
--rollback   'e4bb2a7c-1466-4646-89b8-46e531803686',
--rollback   '3a5a8759-fe7d-47b1-b413-7e044da5111a',
--rollback   '61505625-3120-40ac-bf61-2ed61ab48a2e',
--rollback   'ddb043c2-c43d-48a9-aab8-63cc269c1066',
--rollback   'f5e8a5f7-48ef-4f9e-bd6a-8ee9b4de17dd',
--rollback   '051e503c-d2c5-44e3-8e23-b31597f6ddaf',
--rollback   '24029173-2da8-4d47-8531-7817cfbe2211',
--rollback   '4eed69c3-9777-4020-9498-1bd273c102c2',
--rollback   'fb9895fb-4fdf-4160-aa86-ab87356f472d',
--rollback   'add5312b-fe77-417f-a3dd-0715ca142fc7',
--rollback   '48810503-d99e-46bc-a4bc-3eb80d6cffcd',
--rollback   '2ef03525-19e0-4f79-a674-e101cdd257db',
--rollback   '0900c271-19e1-4498-acc5-bb06bfa615f4',
--rollback   '25faf194-c213-4de2-9452-873aec801fdc',
--rollback   '14cf0609-a747-440e-82a6-73156af077ec',
--rollback   'aef1adb7-b300-4495-b8bd-39d37d05493a',
--rollback   '862278dd-a938-439a-bf33-1f080f60c952',
--rollback   'ec446916-49e4-4e05-9c04-b94b71d52c76',
--rollback   '60b19e00-4f7f-4158-8c1f-7aad6071f8a4',
--rollback   '94f9e106-7bc1-4442-8415-a47fefdaf662',
--rollback   '388715e1-afe7-4edc-b7e6-764febccea78',
--rollback   'cf3dca99-8132-4277-a7b7-2ad407478bab',
--rollback   '1159e261-c73f-4a31-adbe-30f6c645b36c',
--rollback   '81226581-9c97-441b-b257-7035dc4abd9f',
--rollback   'a6a1d994-409a-4030-892e-59d9138e263d',
--rollback   '0ba2af94-d3a6-47eb-b85d-222ab5ab21c2',
--rollback   '3cdd99d3-bc84-4cb3-859d-bf78e8518cce',
--rollback   'df17a0b6-129e-4f94-8f1b-9ca68c66ca7b',
--rollback   'fc242dd0-a14e-44f2-b35f-686e657ea12e',
--rollback   '0e4de20c-8576-499a-b9e3-3665102be212',
--rollback   'c53dfb13-592c-4174-9fa4-650a580123bd',
--rollback   '09bfe162-4de4-4fa2-8cda-d89e793008b6',
--rollback   '3a81ac80-b67e-46df-8326-b7387bb51ad8',
--rollback   'cd76f92d-3c04-4e14-909f-0510d77ff9f4',
--rollback   'a467d9d2-eb1c-475e-bcf2-e1de6609d4e7',
--rollback   '42aa9355-ce59-4466-8eef-16ce80587a88',
--rollback   '1491af7c-ea92-40ce-838a-96ecaba65c8c',
--rollback   '61d8b2f5-4c60-4860-b06b-72110d5eaa7c',
--rollback   '6a204371-c86a-4e86-b70a-8a902a6491fd',
--rollback   '1f14f118-536b-44be-b562-815aa91a1247',
--rollback   '8809b0cf-c51b-4789-9e73-9ce348319e5e',
--rollback   '6a906944-d254-46f7-9420-004ca563df84',
--rollback   '44d4f1a2-4482-4438-954f-f518fcd3237d',
--rollback   '4fe1fa85-a822-44a4-bc45-e323534c4acf',
--rollback   '6ab8b097-b670-49d6-ab35-fc80fba4ffe6',
--rollback   '67a2ac2b-231d-46be-9362-a2055ab1919c',
--rollback   '9746829a-bac4-4e9f-8e5b-36aa1181ee2f',
--rollback   'd8537169-b110-4f60-b1a9-1e8dab0dfbe7',
--rollback   '0d4bc35a-8ca7-4bf1-8379-e40a6dc14c17',
--rollback   '5f147cc7-8b91-416e-bf68-db290cc8961f',
--rollback   'afb7d786-ce93-48ab-b741-fbeccb525a3b',
--rollback   '5f4ba829-cbab-4ed3-afc8-c81adb36b339',
--rollback   'e35f0d96-864c-46e7-8888-726ebe866b51',
--rollback   '44b11064-0443-435c-bae2-cf7e31d0eb16',
--rollback   'af1be2ec-4c35-484a-b51d-0ee271fe2d39',
--rollback   'b240667b-40ba-4c19-9e71-9656c2d827e7',
--rollback   'd8992628-f874-411c-b403-0c94f4fe56fe',
--rollback   '98e8e913-ec28-4fcf-8b44-bc52909b7110',
--rollback   'fb8a4897-ad7e-4dd1-8ef4-271eed938d47',
--rollback   '72a3486f-6baf-4feb-a38b-50d58dca187e',
--rollback   '2c50b0be-6d1b-48c8-bd11-b1eb413dcaaa',
--rollback   '102474e3-a06a-404b-b650-68761b61b88c',
--rollback   '97f44233-61d5-4a08-8748-c5a9a02b148b',
--rollback   '501fcac3-4ce5-4e28-bfff-bf693c2d713b',
--rollback   '8cfb9f89-4475-4d60-841f-5b809c6663bc',
--rollback   '00f779fa-8f80-405d-abe8-333383b1c53c',
--rollback   'e224775a-0c7e-45a5-be4d-fdfdb15c39e6',
--rollback   '409ad280-83b2-40fd-85b0-cdaaf2b865b5',
--rollback   '59111f39-9470-4d79-ae82-0e7037bef565',
--rollback   '227864b5-5a8e-4d0a-bf54-8816c5524a7a',
--rollback   'd031b379-7aeb-40fe-aa77-4d49bbe6cfba',
--rollback   'b2127555-a256-43d5-844e-3f4090f3bfb6',
--rollback   'fc0e5d06-53d8-4305-a026-096188b43e5c',
--rollback   'b67e1a2a-a9ea-4bc4-8589-cb5b73579f6b',
--rollback   '1bb1f86a-7387-410f-b489-18341b3a8b20',
--rollback   'f65a3e14-aad4-4f67-8093-2fde8abeed60',
--rollback   '131485dc-ae5b-497c-b9f2-f251f06b0dac',
--rollback   '99997246-3362-4142-87c8-ceaad242ef14',
--rollback   '0d412e5c-9a9c-435f-af2f-524f8e235b8a',
--rollback   '3963585d-2861-42a8-ac68-ce9442dd93f1',
--rollback   '0a6be425-bbff-4b1f-967c-b5e9182bc62a',
--rollback   '6d06b15f-3497-4786-aaef-d2ee1f55fb86',
--rollback   '08ff7336-57e1-46df-a9e4-7ba3613f6386',
--rollback   '2dfa68b6-e065-41e0-b89e-78ca1f311b92',
--rollback   '725afb84-ad0a-40e6-b1e4-a3311c48764e',
--rollback   'd8be3708-ae20-4081-a00c-c91b84d77473',
--rollback   '7c4abc35-2d00-4d5d-a637-005fe1a44c35',
--rollback   '2b135469-26f2-4cf8-a8f2-d707c4153acd',
--rollback   '4b797bc2-d91a-4637-9ab8-af50d571058c',
--rollback   '120b0d60-d41c-4364-9df2-be185a1f198c',
--rollback   '7b25c7a0-a918-4c5b-8b6d-c989c052337e',
--rollback   'eeaf6a37-4fa3-4eae-96c2-0ff9cc49ba20',
--rollback   '915f4cbd-b339-4d71-b00a-915db918e7fa',
--rollback   '8e04f81a-0e3e-43c1-8aad-a47f815b5ece',
--rollback   '8ae9720d-bb05-4775-9d0f-ef6ff4aa2cf4',
--rollback   'dac523f5-5b5c-4f54-b089-e000e83818f7',
--rollback   'e52884a3-cefa-4081-8a92-6f34251cc621',
--rollback   '3992d129-e20c-482e-a9c5-b5b7ce85e68c',
--rollback   'fef21404-421b-4815-bf8b-cb8efa928be2',
--rollback   '640f9395-4b33-404b-9ee4-c5c353d7e8e5',
--rollback   '51875dd3-9aa4-40ee-a89b-0c45600b2153',
--rollback   '367464aa-6de6-4dcf-950f-2bf24be197fe',
--rollback   '936987ad-f8e6-4ff3-bcbd-954575165274',
--rollback   'bb6936f0-21e9-4bd8-8f95-e59fdbb9f798',
--rollback   'a85e1de6-4193-478b-aa82-945dde0f36ac',
--rollback   'd115e904-dcaf-4beb-ab3e-550195249269',
--rollback   'd55a8ecf-484e-4e0a-a6c9-25e01f772741',
--rollback   '439637ed-0c90-44b6-81a3-9c5a8ed3c171'
--rollback   );
--rollback DELETE FROM tests.question
--rollback WHERE id IN (
--rollback   'ea8b2e43-ab73-4933-89fc-4fc958f7226c',
--rollback   '559cf4ac-e794-4f6a-8ddc-9ffceebcecbf',
--rollback   '81c7c389-3015-44f1-9a37-3583cf73097c',
--rollback   'ee00a954-adbf-46b2-a9b9-6ab6400e2499',
--rollback   '464f434f-ac51-43ec-b24d-e32ebad59690',
--rollback   '5eeb32e5-19b0-47a8-814e-14a8e56e977c',
--rollback   '03d38264-bb06-41f6-a804-d42fb94514ab',
--rollback   '369004e1-74dc-4089-b8d0-cf0e7900a6cd',
--rollback   '312f96b4-cba4-4fc2-8e42-fa3441e9ebbc',
--rollback   '24b9deef-d108-48f7-8b8e-dffb694e3b00',
--rollback   'fb380181-edf4-4e45-b63a-1815771ea311',
--rollback   '8afc8b90-4a86-40b5-872f-c51be5a3370b',
--rollback   '99e5c341-966d-4710-9389-50633174dd8c',
--rollback   '80f52397-8c36-4ce4-97df-2cf1ff47223f',
--rollback   'c1d71e2c-4423-430e-bf77-6f488a52c121',
--rollback   'ee57ec2d-ea22-4ba5-a620-726ace5649d8',
--rollback   '885be2c2-7889-4cd1-99ab-51c4749a4f87',
--rollback   '8e77bd20-77db-43f0-a129-7ef901f13b98',
--rollback   'd4090046-f923-4ba8-ad43-ef3d7b983a68',
--rollback   'a66e467c-4bb9-46ee-aff7-8dd80bb1a5d7',
--rollback   '00fd33f4-f239-4199-ba74-0bc40388087f',
--rollback   '1b596b6e-9296-433f-9f93-b6a08a5cb858',
--rollback   '5227e5d8-7587-4000-a1dd-98009ca0e1c9',
--rollback   '64a2c170-835c-43d2-8e0f-1a404e6f34cf',
--rollback   'b23336d1-3180-475b-8047-dda9cbda9b54',
--rollback   'b8ec8923-bc09-42cf-9db6-1d4e36cd287e',
--rollback   '4419f1a2-2a75-4c6d-a8f4-e85528a1f8dc',
--rollback   'aedd4634-cc1b-4ae7-a987-a70c4abd2859',
--rollback   'c5de023d-935a-4320-b00c-f540ace9c9b4',
--rollback   '2c5793da-f235-460b-824e-666b40f1a12e',
--rollback   '9e3be11b-d645-4ec6-8af8-5f9e4031158f',
--rollback   'd2e9c386-fc87-4425-9365-df0299b424c8',
--rollback   'bf62bcd2-4473-475c-a871-562bc67d782d',
--rollback   '554eb2c4-1044-46dc-94bf-023a41a78d46',
--rollback   '5feb57a8-221c-4297-954d-5784321355ed',
--rollback   'cba8b0d8-0110-42f1-b26f-7ae07fe64b7f',
--rollback   '346de03d-1aa0-4eb9-ab81-4ff5629c27db',
--rollback   'd6e70ba4-57d0-4112-bc01-a2887243ff8d',
--rollback   '48516d74-6d73-424e-980d-07b62ea4a2ce',
--rollback   '69546623-5b08-46b3-b719-44733e8564f3',
--rollback   'abf619c5-7e91-4022-8477-89552bb86031',
--rollback   'eddad197-bbbc-4d30-aa5d-ddf9f45fe194',
--rollback   'b69ffe98-c637-4dd3-b77f-64547ec0c0f0',
--rollback   '3785f6a7-8a7f-41ec-aafa-d6375bcae21f',
--rollback   'edf13656-3eb5-496f-8063-12f6cbd1a9e9',
--rollback   '588f1e18-3585-4685-b521-ed0413cc7dab',
--rollback   '67974e03-60db-451d-9393-716838ae7a10',
--rollback   '1ca72bdb-9b12-4167-9a04-6993eee77a97',
--rollback   '729ed4bd-eef8-4171-a226-c48917b5931e',
--rollback   '1fde8fde-4f72-4abb-bfcc-6a6f8efb633c',
--rollback   '8367a7ec-8eea-4576-8b28-5d1c1845809e',
--rollback   '31b77c61-0245-4081-abef-d969c848efba',
--rollback   '7457c266-6431-4c42-925f-6bb2112564db',
--rollback   'a92fd763-4810-453e-bd21-174cf029878e',
--rollback   '0175eb1c-ad6f-4f3b-9fc6-dc6c104f0c4a',
--rollback   '73943666-72a6-444b-90a3-1f4bed5cf97e',
--rollback   'eaf02bb8-f2a9-4a54-9150-3a5a0676e696',
--rollback   '490171ee-7a95-41a1-8450-fd2f1cbc006f',
--rollback   '0199f934-e017-4cd3-8216-65c9e4ca78d2',
--rollback   '181cf0ac-aa4b-41e3-bd19-c81d6c72d1a7',
--rollback   'ab99b5c4-2ab5-42fb-931b-26e493f66ee7',
--rollback   '0fd9ac3d-a856-4575-8a58-762a4894d903',
--rollback   'a6a87fe6-618b-4019-a2d9-793066831651',
--rollback   '998d9f5c-6321-4b81-9acd-2e0440013a73',
--rollback   'ac52fd5f-88c8-4e8b-8ec9-3d0e7b9315f8',
--rollback   '159787b4-0b60-4754-8062-f34f3ad98d3a',
--rollback   'a28241ec-b078-444a-a454-22b33f4bc9f1',
--rollback   '1cf21320-2af0-40d6-a196-606a19ed382c',
--rollback   'e2e9661a-5722-43b3-840d-98f066d0edd6',
--rollback   '6fb1df2b-ad5e-4b94-bff2-c52310470b41',
--rollback   'c6f7d78a-4b5e-44d4-b73c-510ac05e3de6',
--rollback   '687ea42d-4204-4a91-9132-b9cac7c9c1fe',
--rollback   '24c9ee9f-320b-4587-8e47-175ce7078596',
--rollback   'd82d29c5-0b94-4a8e-a3ee-06fc5ee068e4',
--rollback   '109df7b5-d0fb-4422-bec3-1fbc3477d251',
--rollback   '988dfaa8-f8a3-4321-8966-3d42619531ac',
--rollback   '085176d9-b4f2-4655-afb3-e6a89dad5d6f',
--rollback   '99160967-f694-440a-80b4-3c0328215618',
--rollback   'b46f52f9-cd81-4f1c-8fa4-6bf70041a94b',
--rollback   '357c16b0-7c84-4d74-98fa-8a3f23889dc8',
--rollback   'eca73c83-b96d-4e1f-8382-5f44199a9c25',
--rollback   '47b00421-a7b5-4341-a2cd-4fa83413bd51',
--rollback   'a3cbdba3-900a-44a4-8c8e-8be06aca573c',
--rollback   '76fa585f-53d3-4a65-ac74-1ecd0a944a2e',
--rollback   'd64d6bfb-3e65-4d19-837f-510222876375',
--rollback   'e470772f-e6f6-4d2c-8716-307570486c39',
--rollback   '913987b3-728b-486e-9699-bef3ada869be',
--rollback   'c6266bd7-7c38-4094-ada9-8adba87fd3c0',
--rollback   'a9ead8db-6b53-4da9-85bd-61341833e71c',
--rollback   '22faa139-b257-4f87-a4d1-386a1e09a0a7',
--rollback   '08a608aa-d670-424d-a44c-74ea0726ec8b',
--rollback   '9e7446a8-8623-41e5-b166-b75c01ad3390',
--rollback   'a8e24cc7-26bb-4f4b-95e1-30889cd889c2',
--rollback   '46c9405f-2542-4eba-94ac-8f0ae14ed0d4',
--rollback   '42c9d415-1867-43f8-8568-31a24165f629',
--rollback   '43ac66ee-733c-4d1c-8a37-8b64fe03225a',
--rollback   '08fae408-953d-4ad1-80e1-15bae991df5b',
--rollback   'd7d419d4-17c7-4d41-b7dc-c3c68247bf06',
--rollback   '024e3d25-da68-4bc3-8329-c837a75aeddd',
--rollback   '0bd0ee70-bcba-4563-9689-f2320eafc42c',
--rollback   'f985cecf-f959-4ce0-8f1f-44b3c0c3bf6a',
--rollback   'b6f1027e-a558-43eb-8d52-86e00102c9e5',
--rollback   '85c472db-f2f5-4d80-aa0d-cfd168d2ffe9',
--rollback   '84ef5f01-6b07-4d2e-afd2-f98a2bc5c786',
--rollback   'b2294346-e5bb-46d2-8ca0-5da941683060',
--rollback   '4e633788-bef6-47ce-8db3-69e6ce87571b',
--rollback   '5b7aa019-f6d7-4a11-91b8-cb14227015a7',
--rollback   'b0805a23-a9ae-44d4-878f-6183cd64e517',
--rollback   '2995981d-752d-4c03-833f-cf1ecb4d0a8e',
--rollback   '51e6d2c6-022c-4888-859e-060bd02ff18f',
--rollback   '3f49ec86-0e8b-4aca-859d-83054849e346',
--rollback   'e7a8f58f-de2d-4a02-beb8-b951818d0ac2',
--rollback   '57c6bcf8-251a-4d9a-9b4b-0e266c2e35c8',
--rollback   '81db19e2-771d-4c01-8854-a9e3ed6fd140',
--rollback   'b2f87b24-dcb4-48c5-bedf-fd20735a8f59'
--rollback   );
--rollback DELETE FROM tests.test
--rollback WHERE id IN (
--rollback   '0435f8a9-4d5e-4e98-8052-ac09ca9a5670',
--rollback   '31d97957-1b91-444d-97b2-d9e735a856ce',
--rollback   'f825d758-7f5a-4194-ac2b-7c2428cfbd94'
--rollback   );
